Date,Average air temp (°C),RH (%),Average wind dirn (deg),Average wind speed (km/h),Total daily precipitation (mm)
DATETIME,TEMP,RH,WD,WS,PRECIP
1/01/2013 12:00,20.2,50,133,5.5,0
2/01/2013 12:00,20.9,58,183,4.4,0
3/01/2013 12:00,16.4,69,357,2.6,3.4
4/01/2013 12:00,17.4,43,12,3.8,0
5/01/2013 12:00,22.8,38,184,2.9,0
6/01/2013 12:00,24.6,39,272,4.1,0
7/01/2013 12:00,27,55,175,5.3,0
8/01/2013 12:00,18,63,69,4.5,0
9/01/2013 12:00,21.2,65,126,3.6,0
10/01/2013 12:00,23.1,62,208,4.1,0
11/01/2013 12:00,22,67,212,3.9,0
12/01/2013 12:00,25,35,158,4.1,0
13/01/2013 12:00,23.8,65,132,3.5,0
14/01/2013 12:00,18.5,97,188,4.2,3.4
15/01/2013 12:00,16.8,88,269,4,3.7
16/01/2013 12:00,17.8,66,35,4.7,9.1
17/01/2013 12:00,16,63,128,6,0.8
18/01/2013 12:00,16.2,49,122,4.5,1.3
19/01/2013 12:00,17.5,56,36,4.6,0
20/01/2013 12:00,25.1,57,166,4,0
21/01/2013 12:00,23.1,54,217,1.3,0
22/01/2013 12:00,22.6,42,NA,7.7588,NA
23/01/2013 12:00,22.7,49,160,2.6,0
24/01/2013 12:00,22.8,49,339,3.6,0
25/01/2013 12:00,22.6,48,174,2.9,0
26/01/2013 12:00,21.6,36,161,3.1,0
27/01/2013 12:00,21.9,42,233,1.9,0
28/01/2013 12:00,25.1,31,214,1.5,0
29/01/2013 12:00,27.4,21,149,1.6,0
30/01/2013 12:00,24.3,45,227,2.2,0
31/01/2013 12:00,22.5,53,26,2.2,0
1/02/2013 12:00,23.1,46,39,2.2,0
2/02/2013 12:00,23.6,48,341,2.9,0
3/02/2013 12:00,23.4,52,206,2.7,0
4/02/2013 12:00,21.2,78,264,5.4,0.5
5/02/2013 12:00,18.5,74,140,1.7,22.3
6/02/2013 12:00,17.8,43,260,2.6,2.9
7/02/2013 12:00,18.9,51,43,3.1,0
8/02/2013 12:00,22.2,54,151,2.3,0
9/02/2013 12:00,22.7,47,166,4,0
10/02/2013 12:00,23.9,51,120,2.5,0
11/02/2013 12:00,22.7,52,166,3.5,0
12/02/2013 12:00,20.8,55,142,0.7,0
13/02/2013 12:00,19.8,72,131,4.8,0
14/02/2013 12:00,20.4,44,64,3.1,0.5
15/02/2013 12:00,20.8,53,67,3.7,0
16/02/2013 12:00,20.9,60,213,3.4,0
17/02/2013 12:00,23.2,48,210,2.2,0
18/02/2013 12:00,22.9,52,64,2.8,0
19/02/2013 12:00,25.1,43,259,2.2,0
20/02/2013 12:00,24.6,40,335,2.3,0
21/02/2013 12:00,25.4,43,187,0.6,0
22/02/2013 12:00,23.2,44,184,3.6,0
23/02/2013 12:00,22.2,44,167,2,0
24/02/2013 12:00,22,36,203,2.6,0
25/02/2013 12:00,23,38,225,3.1,0
26/02/2013 12:00,22.7,40,170,1.4,0
27/02/2013 12:00,23,43,200,2.3,0
28/02/2013 12:00,19.9,49,299,2.6,0
1/03/2013 12:00,25,45,283,2.1,0
2/03/2013 12:00,25,51,161,3.5,0
3/03/2013 12:00,22.7,52,336,1.5,0
4/03/2013 12:00,19.5,54,359,5,0
5/03/2013 12:00,17,66,263,3.9,1
6/03/2013 12:00,20.1,51,87,5.4,0
7/03/2013 12:00,24,39,174,2.7,0
8/03/2013 12:00,23.6,48,306,3.4,0
9/03/2013 12:00,22.7,35,155,3.5,0
10/03/2013 12:00,24,39,182,3.4,0
11/03/2013 12:00,27.2,18,149,1.4,0
12/03/2013 12:00,22.8,37,176,2,0
13/03/2013 12:00,23,50,178,3.2,0
14/03/2013 12:00,23,54,306,2.9,0
15/03/2013 12:00,22.6,51,163,1.2,0
16/03/2013 12:00,21.2,55,181,3.1,0
17/03/2013 12:00,19,82,27,3.5,0.9
18/03/2013 12:00,20.3,85,144,5.3,14.2
19/03/2013 12:00,19.8,67,37,5.2,6.6
20/03/2013 12:00,18.1,59,155,3.2,9.1
21/03/2013 12:00,18.1,48,219,2.3,0
22/03/2013 12:00,18.6,52,26,1.8,0
23/03/2013 12:00,20,52,86,1.3,0
24/03/2013 12:00,20.9,45,139,2,0
25/03/2013 12:00,20.6,46,272,1.9,0
26/03/2013 12:00,21.5,45,302,2.1,0
27/03/2013 12:00,22.9,47,168,1.9,0
28/03/2013 12:00,22.6,54,198,2,0
29/03/2013 12:00,21.7,50,202,2.7,0
30/03/2013 12:00,18.9,70,241,1.5,0
31/03/2013 12:00,21.1,68,154,4.3,0
1/04/2013 12:00,19.7,70,2,2.5,3.9
2/04/2013 12:00,21.9,58,248,3.5,0
3/04/2013 12:00,21.2,68,229,4,0
4/04/2013 12:00,15.2,93,61,1.6,9.1
5/04/2013 12:00,17.7,55,242,2,0
6/04/2013 12:00,15.3,58,141,2.4,0
7/04/2013 12:00,15,44,357,3.1,0
8/04/2013 12:00,16.1,44,92,1.8,0
9/04/2013 12:00,17.9,49,351,2.6,0
10/04/2013 12:00,16.4,46,201,1.2,0
11/04/2013 12:00,15.4,65,103,3.7,0
12/04/2013 12:00,17.5,74,153,3.7,0.3
13/04/2013 12:00,20.9,57,208,2.4,0
14/04/2013 12:00,20.3,39,253,3,0
15/04/2013 12:00,17.4,70,50,2.6,0.6
16/04/2013 12:00,16.6,91,146,1.7,9.8
17/04/2013 12:00,18,90,276,5.8,11.3
18/04/2013 12:00,16.7,72,7,2.9,4.7
19/04/2013 12:00,15.3,72,305,0.4,0.3
20/04/2013 12:00,16.2,80,177,1.4,6.3
21/04/2013 12:00,17.1,85,48,1.9,13.7
22/04/2013 12:00,17.3,82,225,3.6,44
23/04/2013 12:00,16.5,79,178,3.7,0.3
24/04/2013 12:00,14.5,93,218,4.4,7
25/04/2013 12:00,15.5,74,107,4.2,21
26/04/2013 12:00,13.3,94,298,1,3.7
27/04/2013 12:00,17.4,69,121,4.7,2.8
28/04/2013 12:00,17.7,68,102,3.2,0
29/04/2013 12:00,18,65,57,3.7,0
30/04/2013 12:00,17.8,81,155,3.4,0
1/05/2013 12:00,16.1,61,197,2.9,0.3
2/05/2013 12:00,16.2,72,312,3.2,0
3/05/2013 12:00,17.1,77,167,1.6,1
4/05/2013 12:00,18.4,66,122,1.7,0
5/05/2013 12:00,16,79,268,3.5,18.4
6/05/2013 12:00,11.6,94,266,5.2,27.2
7/05/2013 12:00,15.3,61,247,3.2,4.1
8/05/2013 12:00,15.8,59,112,1.2,0
9/05/2013 12:00,14.5,79,189,0.6,0
10/05/2013 12:00,12.3,90,284,1.8,0.3
11/05/2013 12:00,12.3,56,257,6.7,3.4
12/05/2013 12:00,14.1,65,301,2.2,0
13/05/2013 12:00,19.7,62,269,0.5,0.3
14/05/2013 12:00,18.3,69,191,2.8,0.3
15/05/2013 12:00,16.3,67,260,1.2,0
16/05/2013 12:00,18,60,157,1.4,0
17/05/2013 12:00,14.8,80,40,1.7,0.3
18/05/2013 12:00,13.8,98,170,2.3,22.1
19/05/2013 12:00,13.4,91,235,4.7,9.5
20/05/2013 12:00,14.7,82,187,3,5
21/05/2013 12:00,12.4,89,183,1.4,0.3
22/05/2013 12:00,13.9,88,208,3.5,0.9
23/05/2013 12:00,11.3,91,8,3,9.5
24/05/2013 12:00,12.4,59,133,1.3,0.3
25/05/2013 12:00,11.8,89,51,0.5,0
26/05/2013 12:00,13.2,78,28,3.9,38.2
27/05/2013 12:00,13.1,76,153,4.6,0.3
28/05/2013 12:00,7.9,83,161,4.2,8.8
29/05/2013 12:00,7.5,62,327,3.8,0
30/05/2013 12:00,10.5,66,229,2,0
31/05/2013 12:00,9.5,97,181,3.2,0.3
1/06/2013 12:00,13.1,83,132,2,0
2/06/2013 12:00,11.7,86,183,1.4,0
3/06/2013 12:00,10.3,73,124,1.8,0
4/06/2013 12:00,11.7,93,54,1.5,0.9
5/06/2013 12:00,14,69,202,5,25.2
6/06/2013 12:00,9.7,66,238,4.2,0
7/06/2013 12:00,13.3,60,189,2.7,0
8/06/2013 12:00,14,57,47,2.5,0
9/06/2013 12:00,8.5,96,321,1.3,12.2
10/06/2013 12:00,10.7,86,222,1.6,22.2
11/06/2013 12:00,13.3,83,305,3.1,0.3
12/06/2013 12:00,15.4,78,19,1.9,0.3
13/06/2013 12:00,11.6,80,86,1.6,0.3
14/06/2013 12:00,12.9,65,153,2.8,1.4
15/06/2013 12:00,8.7,82,176,0.6,0
16/06/2013 12:00,12.2,96,12,1.4,7.9
17/06/2013 12:00,10.6,98,98,1.2,36.4
18/06/2013 12:00,14.7,90,228,5.9,22
19/06/2013 12:00,11,94,215,3.1,23.4
20/06/2013 12:00,5.2,89,76,4.2,32.9
21/06/2013 12:00,7.1,75,13,7.6,5.7
22/06/2013 12:00,9.2,68,328,3.2,0
23/06/2013 12:00,5.6,95,83,0.8,0.3
24/06/2013 12:00,8.6,71,201,1.6,0
25/06/2013 12:00,8.3,94,200,2.1,0.3
26/06/2013 12:00,10,74,279,2.6,0.6
27/06/2013 12:00,7.1,75,180,4.2,0
28/06/2013 12:00,10.5,62,248,3.8,0
29/06/2013 12:00,9.4,62,313,1.4,0
30/06/2013 12:00,7.8,95,213,1.8,0.9
1/07/2013 12:00,9.5,97,133,2.9,0.9
2/07/2013 12:00,11.5,76,223,3.2,0.8
3/07/2013 12:00,9.6,89,167,2.3,0.3
4/07/2013 12:00,13.4,84,245,1.9,6.5
5/07/2013 12:00,12.6,90,318,1.3,0
6/07/2013 12:00,13.9,74,170,4.4,0.3
7/07/2013 12:00,11,90,204,2.9,1.4
8/07/2013 12:00,8.8,77,52,2,3.1
9/07/2013 12:00,8.9,72,37,1.6,0.3
10/07/2013 12:00,7.8,91,342,1.5,8
11/07/2013 12:00,10.6,71,177,1.3,0.6
12/07/2013 12:00,11.4,72,97,1.4,4.8
13/07/2013 12:00,7.5,89,253,3.7,0.8
14/07/2013 12:00,10,76,53,4.9,0.3
15/07/2013 12:00,7.2,58,6,4.2,0
16/07/2013 12:00,8,76,159,1,0.3
17/07/2013 12:00,10,72,36,3.9,0
18/07/2013 12:00,10.9,75,30,3.5,0
19/07/2013 12:00,11.7,66,340,4,0
20/07/2013 12:00,10.8,97,206,1.5,3.3
21/07/2013 12:00,10.8,80,289,1.5,0.3
22/07/2013 12:00,12.1,76,82,0.5,0.3
23/07/2013 12:00,9.9,78,214,1.3,0
24/07/2013 12:00,9,98,208,2.3,2.6
25/07/2013 12:00,11.5,85,134,4.3,3.7
26/07/2013 12:00,10.4,78,19,3.9,0
27/07/2013 12:00,11.4,68,29,3.5,0
28/07/2013 12:00,11.4,73,12,2.5,0
29/07/2013 12:00,12.2,65,112,0.4,0.3
30/07/2013 12:00,12.1,67,285,1.7,0
31/07/2013 12:00,10.9,73,176,1.2,0.3
1/08/2013 12:00,11.1,76,79,0.5,0
2/08/2013 12:00,12.4,75,191,4.1,0.5
3/08/2013 12:00,14.6,64,196,3.5,0
4/08/2013 12:00,15.5,67,231,1.7,0
5/08/2013 12:00,14.7,82,210,2.5,0
6/08/2013 12:00,12.6,81,132,4.3,1.9
7/08/2013 12:00,12,85,121,3.6,0
8/08/2013 12:00,14.7,71,216,3.6,0
9/08/2013 12:00,13,76,181,1.9,0.3
10/08/2013 12:00,12.5,87,176,0.9,0
11/08/2013 12:00,12.3,84,357,2.3,2
12/08/2013 12:00,10.9,72,81,4.2,4.1
13/08/2013 12:00,12.4,67,103,5.8,1.9
14/08/2013 12:00,11.2,70,98,3.8,8
15/08/2013 12:00,12.2,70,104,3.1,0.5
16/08/2013 12:00,12.1,73,38,2.7,0.3
17/08/2013 12:00,11.8,82,252,3.6,28.3
18/08/2013 12:00,15.7,60,210,1.1,0
19/08/2013 12:00,12.2,79,183,2.6,0.3
20/08/2013 12:00,11.7,64,117,0.6,2.3
21/08/2013 12:00,11.2,77,4,4.2,0.3
22/08/2013 12:00,13.8,80,223,2.1,30.9
23/08/2013 12:00,10.4,83,95,0.7,0.6
24/08/2013 12:00,11.9,78,208,2.8,0.3
25/08/2013 12:00,12.2,90,94,0.5,1
26/08/2013 12:00,12.2,85,192,4.1,5.7
27/08/2013 12:00,11.6,78,165,0.9,1.5
28/08/2013 12:00,12.1,90,160,2.8,0.5
29/08/2013 12:00,10.3,91,232,3,0.6
30/08/2013 12:00,10.6,66,257,4.7,29.3
31/08/2013 12:00,11,59,242,4.3,0
1/09/2013 12:00,12.5,60,223,3.2,0
2/09/2013 12:00,14.1,55,211,2.7,0
3/09/2013 12:00,13.4,54,106,1.7,0
4/09/2013 12:00,8.6,91,158,4.2,0
5/09/2013 12:00,12.3,55,185,3.3,8
6/09/2013 12:00,12.2,47,252,2.3,0
7/09/2013 12:00,11.7,89,133,0.8,0
8/09/2013 12:00,13.8,68,111,5,2.1
9/09/2013 12:00,10.7,79,31,3.1,2.6
10/09/2013 12:00,12.4,84,174,5.7,0.5
11/09/2013 12:00,12.8,97,164,7.4,5.4
12/09/2013 12:00,12.8,99,169,3.9,68.3
13/09/2013 12:00,14.9,71,149,3.6,15.8
14/09/2013 12:00,9.9,71,40,4.6,5.8
15/09/2013 12:00,11.5,57,81,3.4,0.3
16/09/2013 12:00,13.7,58,167,1.4,0
17/09/2013 12:00,12.1,59,209,4.3,0
18/09/2013 12:00,11.8,49,200,0.7,0
19/09/2013 12:00,10.3,72,246,3.5,0
20/09/2013 12:00,13.5,98,182,6,29.7
21/09/2013 12:00,14.8,92,223,7.2,9
22/09/2013 12:00,14.5,86,215,3.6,19.2
23/09/2013 12:00,14,84,233,4,1.6
24/09/2013 12:00,13.1,85,186,2.7,0
25/09/2013 12:00,17.8,79,207,1,15.7
26/09/2013 12:00,13.4,80,58,3.6,1.8
27/09/2013 12:00,15.4,69,129,6.4,0
28/09/2013 12:00,12.7,76,145,6,3.7
29/09/2013 12:00,12.5,73,149,5.6,1.4
30/09/2013 12:00,11.6,86,158,6.2,13
1/10/2013 12:00,15.7,62,19,2.8,2.1
2/10/2013 12:00,15.6,73,179,3.8,0
3/10/2013 12:00,16.1,71,202,3.3,0.3
4/10/2013 12:00,18.2,75,163,4.4,0
5/10/2013 12:00,21,50,135,1.4,0.3
6/10/2013 12:00,19.3,60,181,2.6,0
7/10/2013 12:00,15.8,62,337,3.5,0
8/10/2013 12:00,15.1,71,234,4.6,0
9/10/2013 12:00,10,93,43,4.1,16.7
10/10/2013 12:00,13.3,68,178,4.6,1.3
11/10/2013 12:00,13.6,96,136,7.5,23.6
12/10/2013 12:00,11.8,70,54,6.3,28.1
13/10/2013 12:00,14.8,71,55,4.4,0.8
14/10/2013 12:00,13.4,86,171,6.2,0.8
15/10/2013 12:00,15.2,91,164,12.4,10.1
16/10/2013 12:00,10.8,70,58,7.6,2.6
17/10/2013 12:00,15.4,66,107,3.7,1.8
18/10/2013 12:00,17,59,94,5.6,0
19/10/2013 12:00,17.9,51,30,2.7,0
20/10/2013 12:00,15.9,69,222,3.8,0
21/10/2013 12:00,17.2,66,166,4.8,0
22/10/2013 12:00,16.5,65,140,6.4,0
23/10/2013 12:00,18.2,84,130,3,2.5
24/10/2013 12:00,15.8,70,122,5,0.6
25/10/2013 12:00,14.7,82,165,7.3,0
26/10/2013 12:00,15.8,58,131,4.4,7.9
27/10/2013 12:00,12.5,90,151,4.7,1.6
28/10/2013 12:00,13.4,72,156,4.6,0.3
29/10/2013 12:00,16.1,48,176,2.9,0.3
30/10/2013 12:00,15.2,57,86,5.4,0
31/10/2013 12:00,18.1,65,197,6.2,0
1/11/2013 12:00,16.8,66,182,5.4,7.3
2/11/2013 12:00,14.1,47,328,4.6,1.3
3/11/2013 12:00,18.2,44,315,2.2,0
4/11/2013 12:00,18.8,64,211,3.4,0
5/11/2013 12:00,16.5,70,49,3.1,0
6/11/2013 12:00,12.9,92,257,2.3,27
7/11/2013 12:00,15.2,74,147,2.7,10.6
8/11/2013 12:00,19.5,54,139,1.7,5.8
9/11/2013 12:00,20.6,70,201,4.1,9.9
10/11/2013 12:00,19.1,75,162,3.5,3.3
11/11/2013 12:00,23.4,44,45,1.5,0.3
12/11/2013 12:00,17.2,52,193,3.9,0
13/11/2013 12:00,16.9,46,198,4.4,0
14/11/2013 12:00,18.4,45,260,2.4,0
15/11/2013 12:00,19.6,61,161,4.2,0
16/11/2013 12:00,18.5,71,160,3.5,0
17/11/2013 12:00,21.2,64,146,3.4,0
18/11/2013 12:00,22.6,56,202,4,0
19/11/2013 12:00,19.7,62,36,1.6,0
20/11/2013 12:00,19.8,62,52,2.7,4.7
21/11/2013 12:00,19.8,67,285,2.2,0.9
22/11/2013 12:00,24,47,75,1.5,1.8
23/11/2013 12:00,23.9,45,124,1.7,0
24/11/2013 12:00,25.2,46,202,3,0
25/11/2013 12:00,21.2,62,198,3.7,0
26/11/2013 12:00,21.7,73,224,2.8,0.9
27/11/2013 12:00,23.6,58,41,2.3,8.5
28/11/2013 12:00,19.3,80,196,6.3,20.2
29/11/2013 12:00,17.4,73,70,4.7,9.2
30/11/2013 12:00,18.5,77,172,7.6,0.3
1/12/2013 12:00,15.7,57,87,3.8,2.8
2/12/2013 12:00,20.7,52,235,2.7,0
3/12/2013 12:00,19.8,59,28,3,0
4/12/2013 12:00,16.6,93,61,2.1,7.9
5/12/2013 12:00,16.8,94,151,1.5,21.2
6/12/2013 12:00,20.1,81,184,3.5,47.2
7/12/2013 12:00,15.7,94,126,6.3,1.2
8/12/2013 12:00,18.9,71,155,6.6,1.6
9/12/2013 12:00,17.9,69,135,5.8,2.1
10/12/2013 12:00,17,73,166,3.6,0
11/12/2013 12:00,18.6,57,11,2.9,0
12/12/2013 12:00,26.2,38,198,3.3,0
13/12/2013 12:00,22.7,62,217,3.5,0
14/12/2013 12:00,23.7,52,264,3.1,0
15/12/2013 12:00,24.2,57,242,3.5,0
16/12/2013 12:00,24.6,51,158,4.1,0
17/12/2013 12:00,22.7,52,141,5,0
18/12/2013 12:00,18,51,5,3.2,0
19/12/2013 12:00,20,44,11,3.7,0
20/12/2013 12:00,20.6,30,80,1.8,0
21/12/2013 12:00,20.4,56,131,4,0
22/12/2013 12:00,20.8,45,359,2,0
23/12/2013 12:00,19,66,218,2.7,0
24/12/2013 12:00,14.9,77,117,4.2,0
25/12/2013 12:00,17.3,74,98,4.6,22.7
26/12/2013 12:00,17.7,76,172,3.4,1.1
27/12/2013 12:00,19.2,74,154,3.6,0.3
28/12/2013 12:00,18,82,69,1.3,0.8
29/12/2013 12:00,17.5,87,27,2.9,20.9
30/12/2013 12:00,19.3,76,227,5.9,3.3
31/12/2013 12:00,18.9,54,118,3.8,11.6
1/01/2014 12:00,18,72,225,5.7,0
2/01/2014 12:00,20.6,55,152,5.8,0
3/01/2014 12:00,21.7,65,160,8.3,0
4/01/2014 12:00,22.7,66,170,2.8,4
5/01/2014 12:00,19.3,91,194,6.4,3.3
6/01/2014 12:00,20.6,52,317,3.5,6.3
7/01/2014 12:00,21.8,49,239,4,0
8/01/2014 12:00,17.9,75,122,5,3.3
9/01/2014 12:00,17.5,66,154,1.6,0.3
10/01/2014 12:00,18.2,63,123,3.3,7.4
11/01/2014 12:00,20.8,59,168,2.6,0
12/01/2014 12:00,19.4,65,148,4.2,0
13/01/2014 12:00,17.4,85,54,5.4,1.2
14/01/2014 12:00,18.6,50,10,5.1,0.3
15/01/2014 12:00,20.9,59,196,3.8,0
16/01/2014 12:00,19.8,62,61,1.8,0
17/01/2014 12:00,19.5,47,52,3.1,1.6
18/01/2014 12:00,19.6,37,45,0.8,0
19/01/2014 12:00,21,56,180,5.2,0
20/01/2014 12:00,14.9,93,207,0.9,5.3
21/01/2014 12:00,21.7,80,33,0.5,6.3
22/01/2014 12:00,19.9,71,191,3.6,0
23/01/2014 12:00,17.5,53,83,5.7,1.2
24/01/2014 12:00,20,50,329,3,0
25/01/2014 12:00,22.5,53,339,2.8,0
26/01/2014 12:00,21.1,76,250,4.6,0
27/01/2014 12:00,20.1,55,281,1.7,10.6
28/01/2014 12:00,19.9,29,263,1.9,0
29/01/2014 12:00,23.4,47,190,2,0
30/01/2014 12:00,21.8,63,192,2.6,0
31/01/2014 12:00,22.3,49,137,3.6,0
1/02/2014 12:00,21.8,47,208,4.4,0
2/02/2014 12:00,21.4,43,165,2.8,0
3/02/2014 12:00,22.5,53,162,2.5,0
4/02/2014 12:00,23.6,51,161,2.4,0
5/02/2014 12:00,21.6,52,18,2.8,0
6/02/2014 12:00,23.4,45,170,2.1,0
7/02/2014 12:00,21.1,59,69,1.7,0
8/02/2014 12:00,22.3,90,156,3.7,7.6
9/02/2014 12:00,23.6,57,239,3.1,0.3
10/02/2014 12:00,19.8,56,299,2.8,0
11/02/2014 12:00,21.4,66,219,3.6,0
12/02/2014 12:00,16,95,178,3,0.3
13/02/2014 12:00,18.8,59,130,5.7,0.3
14/02/2014 12:00,18.5,68,112,2,0.6
15/02/2014 12:00,20.8,52,18,1.7,0
16/02/2014 12:00,23.1,58,25,0.4,0
17/02/2014 12:00,22.8,53,328,1.7,0
18/02/2014 12:00,21.2,67,14,0.5,0
19/02/2014 12:00,22.6,65,19,1.3,0
20/02/2014 12:00,26.9,47,86,1.1,0
21/02/2014 12:00,26.5,48,66,1.4,0
22/02/2014 12:00,23.7,76,173,2.5,1.2
23/02/2014 12:00,20.8,52,16,3.9,0.9
24/02/2014 12:00,21.4,34,108,0.9,0
25/02/2014 12:00,21.5,44,295,1.1,0.5
26/02/2014 12:00,22.4,50,247,1.8,0
27/02/2014 12:00,22.2,46,1,0.7,0
28/02/2014 12:00,21,52,121,5.3,0
1/03/2014 12:00,18.3,38,280,2,0
2/03/2014 12:00,17.6,52,117,2.7,0
3/03/2014 12:00,14.8,89,45,2.5,1.6
4/03/2014 12:00,16.3,36,347,4.4,0
5/03/2014 12:00,16.9,48,302,4.8,0
6/03/2014 12:00,21,41,254,1.2,0
7/03/2014 12:00,21.1,50,69,1.9,0
8/03/2014 12:00,18.6,61,97,2.4,0
9/03/2014 12:00,23.5,44,167,1.5,0
10/03/2014 12:00,20.6,54,267,0.6,14.1
11/03/2014 12:00,22.5,53,266,0.5,0
12/03/2014 12:00,20,65,252,0.4,0
13/03/2014 12:00,21.4,56,264,1.5,0
14/03/2014 12:00,22.9,52,100,1.1,0
15/03/2014 12:00,18.3,92,143,4.5,0.6
16/03/2014 12:00,19.4,94,234,4.9,13
17/03/2014 12:00,19.6,70,110,3.1,8.2
18/03/2014 12:00,21.4,63,167,2.6,0
19/03/2014 12:00,21.2,67,155,2.5,0
20/03/2014 12:00,18.8,64,49,3.3,0
21/03/2014 12:00,19.4,54,173,3.4,0
22/03/2014 12:00,20,42,173,2.8,0
23/03/2014 12:00,21.9,57,161,2.3,0
24/03/2014 12:00,21.3,59,148,1.3,0
25/03/2014 12:00,17.9,59,122,5.4,0
26/03/2014 12:00,17.4,45,266,4.1,3.6
27/03/2014 12:00,19.5,44,156,0.8,0
28/03/2014 12:00,20.9,60,177,2.5,0
29/03/2014 12:00,14.7,79,38,1.2,0
30/03/2014 12:00,20.4,60,128,2.3,0
31/03/2014 12:00,21.8,56,123,1.8,0
1/04/2014 12:00,21.9,57,282,0.7,0
2/04/2014 12:00,21.4,58,231,0.9,0
3/04/2014 12:00,21.2,58,184,0.9,0
4/04/2014 12:00,22.2,42,55,0.9,0.3
5/04/2014 12:00,21.1,49,294,2.7,0
6/04/2014 12:00,24.4,50,184,2.8,0
7/04/2014 12:00,23.8,55,281,4.3,0
8/04/2014 12:00,23.9,59,239,3.6,0
9/04/2014 12:00,20.6,77,150,1,1.1
10/04/2014 12:00,19.1,79,27,2.9,18.1
11/04/2014 12:00,15.5,97,287,2.7,30.7
12/04/2014 12:00,18.5,75,170,4.3,21.1
13/04/2014 12:00,19.4,61,173,2.4,0.3
14/04/2014 12:00,15.5,84,183,1.1,0.6
15/04/2014 12:00,17.8,74,316,3.1,0.3
16/04/2014 12:00,17.6,80,253,3.7,0.8
17/04/2014 12:00,14.5,92,124,4,13.1
18/04/2014 12:00,20.4,71,34,4,15.8
19/04/2014 12:00,17.4,92,178,3.9,1
20/04/2014 12:00,17,91,209,4.6,16.7
21/04/2014 12:00,15.9,72,50,3.7,4.4
22/04/2014 12:00,15.3,66,6,4.8,0
23/04/2014 12:00,15.5,67,150,1.6,0.9
24/04/2014 12:00,11.9,95,179,2.8,1.3
25/04/2014 12:00,15.6,93,125,3.4,1.7
26/04/2014 12:00,13.6,66,55,2.8,16.1
27/04/2014 12:00,13.6,69,67,2.5,0.3
28/04/2014 12:00,13.4,76,147,6.4,14.6
29/04/2014 12:00,12,77,10,2.6,12.7
30/04/2014 12:00,15.1,59,90,0.9,0
1/05/2014 12:00,14.5,65,306,2.8,0.3
2/05/2014 12:00,14.9,66,156,2.6,0
3/05/2014 12:00,16.8,72,207,1.9,0
4/05/2014 12:00,18.6,73,205,1.7,0
5/05/2014 12:00,16.7,82,253,4.1,0.3
6/05/2014 12:00,16.9,85,152,5.5,16.7
7/05/2014 12:00,14.9,94,229,5.3,2.4
8/05/2014 12:00,16.4,80,210,3.3,3
9/05/2014 12:00,12.1,84,167,2.4,14.3
10/05/2014 12:00,14.4,77,212,1.3,4.2
11/05/2014 12:00,14.8,68,243,0.8,0
12/05/2014 12:00,14.2,82,203,2.3,0.3
13/05/2014 12:00,13.6,84,213,1.8,0
14/05/2014 12:00,11.8,86,163,2.3,9.5
15/05/2014 12:00,11.8,79,356,1.6,4.6
16/05/2014 12:00,14.5,60,265,1.9,0
17/05/2014 12:00,12.7,76,7,2.8,0.3
18/05/2014 12:00,14.8,70,180,2.6,0.3
19/05/2014 12:00,15.8,69,303,1.7,0.3
20/05/2014 12:00,14.2,89,157,3.1,0
21/05/2014 12:00,11.3,100,157,2.7,0
22/05/2014 12:00,13.6,70,51,3.1,1.5
23/05/2014 12:00,11.5,97,194,3.4,0
24/05/2014 12:00,16.8,78,153,5.2,9.7
25/05/2014 12:00,13.2,84,121,3.7,20.5
26/05/2014 12:00,9.3,59,31,5.4,1.2
27/05/2014 12:00,10.2,48,254,0.8,0.6
28/05/2014 12:00,11.2,65,198,0.7,0
29/05/2014 12:00,7.6,97,152,0.4,0.5
30/05/2014 12:00,8.8,92,245,3,31
31/05/2014 12:00,12.3,66,175,1.2,2.4
1/06/2014 12:00,13.6,63,152,1.5,0.3
2/06/2014 12:00,15.1,64,188,1.4,0
3/06/2014 12:00,15.1,67,210,0.7,0
4/06/2014 12:00,13.7,63,164,1.4,0
5/06/2014 12:00,12.1,76,178,0.4,0.3
6/06/2014 12:00,12.6,84,319,0.4,0
7/06/2014 12:00,14.5,81,208,0.9,0
8/06/2014 12:00,10.6,93,197,1.9,0.3
9/06/2014 12:00,13.9,86,77,1.1,1.3
10/06/2014 12:00,11.6,94,145,1.7,20.6
11/06/2014 12:00,11.9,91,134,2.9,7.9
12/06/2014 12:00,11.2,88,191,2.8,17.9
13/06/2014 12:00,14.1,63,246,2.1,1.1
14/06/2014 12:00,13.8,64,169,0.6,0
15/06/2014 12:00,10.7,83,244,1.8,0
16/06/2014 12:00,12,83,33,1.4,0.8
17/06/2014 12:00,13.1,99,202,4.1,15.5
18/06/2014 12:00,11.5,88,114,4.9,3.7
19/06/2014 12:00,10.5,98,133,3.5,1.9
20/06/2014 12:00,11,72,350,1.8,0.3
21/06/2014 12:00,9.8,99,179,3.8,0.3
22/06/2014 12:00,12.9,84,342,2.3,3.6
23/06/2014 12:00,12.6,71,174,0.6,0
24/06/2014 12:00,13.6,82,178,1,0
25/06/2014 12:00,12.8,90,269,4.1,0.3
26/06/2014 12:00,14.6,94,203,3.1,14.7
27/06/2014 12:00,12.1,92,213,4.7,15.8
28/06/2014 12:00,11.2,72,32,3.7,10.7
29/06/2014 12:00,11.5,72,331,0.8,0.3
30/06/2014 12:00,11.4,96,232,4,3.3
1/07/2014 12:00,12.7,88,219,4.2,32.2
2/07/2014 12:00,6.6,89,40,5.5,14.3
3/07/2014 12:00,7.4,81,255,0.6,3.7
4/07/2014 12:00,7.8,74,280,2.8,0.3
5/07/2014 12:00,12.4,81,61,2.4,1.5
6/07/2014 12:00,11.9,67,174,1.1,1.1
7/07/2014 12:00,10.5,65,158,2.8,0
8/07/2014 12:00,8.7,69,151,3.5,0
9/07/2014 12:00,11.4,72,120,3.2,0
10/07/2014 12:00,12.1,68,311,2,0
11/07/2014 12:00,12.3,77,21,3.2,0
12/07/2014 12:00,11.7,86,52,5,4.6
13/07/2014 12:00,12.2,86,204,4,23
14/07/2014 12:00,12.4,81,225,1.4,2.6
15/07/2014 12:00,10.2,68,255,2.5,0
16/07/2014 12:00,11.1,58,204,0.7,0
17/07/2014 12:00,7.2,68,269,1.6,0.8
18/07/2014 12:00,9.7,64,262,0.9,0
19/07/2014 12:00,10.1,67,165,1.1,0.3
20/07/2014 12:00,14.4,64,260,3.8,0
21/07/2014 12:00,10,68,301,1.9,6.3
22/07/2014 12:00,7,65,359,4.7,0.3
23/07/2014 12:00,9.4,64,343,7.8,0
24/07/2014 12:00,11,71,196,2.2,0
25/07/2014 12:00,10.5,74,321,3.3,0.3
26/07/2014 12:00,9.6,66,10,2.1,0
27/07/2014 12:00,10.2,62,330,2.2,0.3
28/07/2014 12:00,10,56,141,2.1,0
29/07/2014 12:00,11.2,76,167,3,0
30/07/2014 12:00,12.5,97,170,4.6,17.9
31/07/2014 12:00,13.1,92,150,3.7,0.5
1/08/2014 12:00,14.7,76,209,2.8,0.8
2/08/2014 12:00,14.3,93,216,6.3,5.2
3/08/2014 12:00,10.9,98,159,2.7,25.4
4/08/2014 12:00,10.8,82,180,3.4,0.9
5/08/2014 12:00,10.1,70,0,4.8,2.2
6/08/2014 12:00,8.9,90,65,2.1,1.3
7/08/2014 12:00,9.6,87,113,4.2,1
8/08/2014 12:00,10.5,72,115,5.7,9.8
9/08/2014 12:00,7.7,61,312,4.9,1.1
10/08/2014 12:00,8.1,72,243,2.7,0
11/08/2014 12:00,7.8,100,178,4.2,1.7
12/08/2014 12:00,9.8,88,141,5.6,22.8
13/08/2014 12:00,8,84,148,3,4.6
14/08/2014 12:00,8.5,75,71,6.9,8.3
15/08/2014 12:00,8.2,51,343,8.1,4.1
16/08/2014 12:00,12.5,72,212,2.5,0
17/08/2014 12:00,12.2,60,140,1.1,0
18/08/2014 12:00,9.9,85,150,1.6,0.3
19/08/2014 12:00,11.2,80,360,2.2,0
20/08/2014 12:00,12.6,93,186,0.5,22.5
21/08/2014 12:00,13.3,70,185,2,5.3
22/08/2014 12:00,9.6,47,265,4.3,0
23/08/2014 12:00,13.5,54,274,6,0
24/08/2014 12:00,14.7,56,311,0.6,0
25/08/2014 12:00,12.2,55,186,1.9,1.8
26/08/2014 12:00,10.3,53,185,0.6,0
27/08/2014 12:00,12.9,50,158,1.4,0
28/08/2014 12:00,12.1,50,49,1.8,0
29/08/2014 12:00,12.8,63,145,1.8,0
30/08/2014 12:00,13.7,54,108,2.4,0
31/08/2014 12:00,14.2,53,69,2.6,0
1/09/2014 12:00,11.4,83,233,3.5,6.4
2/09/2014 12:00,17.5,57,256,5.7,0
3/09/2014 12:00,16.3,72,192,3.2,0
4/09/2014 12:00,14.9,70,43,3.3,0
5/09/2014 12:00,15.6,80,54,2,2.5
6/09/2014 12:00,15.7,65,185,3.8,6.6
7/09/2014 12:00,17.2,52,169,3.1,0.3
8/09/2014 12:00,12.7,61,10,5,0
9/09/2014 12:00,15.6,50,140,1.8,0
10/09/2014 12:00,12.6,77,175,1.6,0
11/09/2014 12:00,13.6,78,57,2.3,0
12/09/2014 12:00,14.1,83,316,4.2,1.4
13/09/2014 12:00,14.4,86,36,3.3,21.9
14/09/2014 12:00,12,84,44,5.2,10.2
15/09/2014 12:00,12.4,66,30,4.6,0.3
16/09/2014 12:00,12.1,84,151,5.4,24.5
17/09/2014 12:00,11.5,78,76,4.6,2.2
18/09/2014 12:00,10.2,89,238,3,0.6
19/09/2014 12:00,14.1,83,202,5.8,16.7
20/09/2014 12:00,11.6,68,120,7.9,13.2
21/09/2014 12:00,11.8,70,172,3.3,6
22/09/2014 12:00,10.2,64,281,7.6,14.8
23/09/2014 12:00,13.4,57,65,4.6,0
24/09/2014 12:00,16.7,56,56,5.1,0
25/09/2014 12:00,16.4,68,182,3.8,0
26/09/2014 12:00,15.3,62,131,4.4,0
27/09/2014 12:00,13.4,70,210,4.1,0
28/09/2014 12:00,16.4,76,183,2.3,7
29/09/2014 12:00,14.2,57,235,3.8,0.3
30/09/2014 12:00,16.7,55,172,3.5,0.3
1/10/2014 12:00,17.1,42,234,3.2,0
2/10/2014 12:00,12,76,137,4,0
3/10/2014 12:00,11.5,92,148,8.6,10.5
4/10/2014 12:00,7.3,83,59,6.3,12.9
5/10/2014 12:00,10.9,77,77,4.5,1.9
6/10/2014 12:00,14.6,75,96,7.9,5.1
7/10/2014 12:00,13.3,46,2,6.8,0.3
8/10/2014 12:00,11.4,95,180,4.7,0
9/10/2014 12:00,15.5,58,69,3.2,16
10/10/2014 12:00,15.8,62,334,3.3,0
11/10/2014 12:00,16.5,59,165,2.2,0
12/10/2014 12:00,17.8,67,189,4.3,0
13/10/2014 12:00,13.8,76,208,1.2,0
14/10/2014 12:00,14.1,80,120,3.1,0
15/10/2014 12:00,19.1,70,182,4.2,0
16/10/2014 12:00,14.8,84,27,1.5,0
17/10/2014 12:00,15.8,63,228,5.2,0
18/10/2014 12:00,15.8,76,219,4.6,5.3
19/10/2014 12:00,16.4,85,167,4.4,21.6
20/10/2014 12:00,16.4,64,142,6.5,0
21/10/2014 12:00,17.1,58,8,2.1,0
22/10/2014 12:00,17.7,62,13,1.4,0
23/10/2014 12:00,18,64,130,4.2,4.4
24/10/2014 12:00,15.6,57,36,5,0
25/10/2014 12:00,14.4,37,261,3.5,1.6
26/10/2014 12:00,13.4,64,106,5.9,0
27/10/2014 12:00,12.2,94,155,6,2.2
28/10/2014 12:00,16.1,78,231,3.2,18.5
29/10/2014 12:00,17.7,73,144,5.8,13.8
30/10/2014 12:00,14.1,67,45,8,7.7
31/10/2014 12:00,13.6,76,77,6.7,0.6
1/11/2014 12:00,18.3,63,170,5.1,0
2/11/2014 12:00,17.4,71,141,4,0
3/11/2014 12:00,15,80,192,1.8,14.8
4/11/2014 12:00,15.3,67,184,2.1,0.6
5/11/2014 12:00,15,61,119,1.4,0
6/11/2014 12:00,12.7,63,266,2.8,8.4
7/11/2014 12:00,14.2,55,64,3.9,2.1
8/11/2014 12:00,17.1,61,200,3.4,0
9/11/2014 12:00,20.4,57,182,4.5,0
10/11/2014 12:00,18.7,51,33,4.3,0
11/11/2014 12:00,14.4,83,166,4.7,0
12/11/2014 12:00,12,77,114,6.2,22.5
13/11/2014 12:00,12.8,55,21,4.4,13.3
14/11/2014 12:00,15.7,56,15,4,0
15/11/2014 12:00,13.1,96,148,6.4,3.8
16/11/2014 12:00,15.1,70,54,6.8,6.8
17/11/2014 12:00,10.2,96,9,2.6,10.9
18/11/2014 12:00,16.4,50,121,6.8,7.6
19/11/2014 12:00,14.9,64,130,6.8,0.3
20/11/2014 12:00,14.4,55,102,6.5,2.2
21/11/2014 12:00,17,57,65,5.5,0
22/11/2014 12:00,16.9,78,112,5.8,0.3
23/11/2014 12:00,20,62,166,4.1,1.5
24/11/2014 12:00,19.6,72,181,4.7,0
25/11/2014 12:00,22.5,68,148,4.4,0.8
26/11/2014 12:00,17.2,83,104,4,4
27/11/2014 12:00,18.6,52,143,6.4,0
28/11/2014 12:00,16.1,80,236,5.5,8.7
29/11/2014 12:00,14,61,85,5.5,3.9
30/11/2014 12:00,15.8,69,136,6.4,0
1/12/2014 12:00,13.8,68,141,3,2.6
2/12/2014 12:00,15.5,37,312,3.9,1.6
3/12/2014 12:00,18.9,60,205,4.5,0
4/12/2014 12:00,16.3,58,64,4.9,0
5/12/2014 12:00,17.9,85,55,3.7,0.8
6/12/2014 12:00,20.4,56,345,2.4,0
7/12/2014 12:00,20.1,59,52,6,0
8/12/2014 12:00,22.5,47,62,1.8,0
9/12/2014 12:00,16.5,90,196,4.2,0.3
10/12/2014 12:00,17.3,82,123,3.3,0.3
11/12/2014 12:00,16.5,89,68,0.9,19.3
12/12/2014 12:00,14.7,71,106,3,0.3
13/12/2014 12:00,19.1,60,190,2.4,0
14/12/2014 12:00,11.1,94,142,2.6,27.3
15/12/2014 12:00,18.8,55,164,3.5,7.7
16/12/2014 12:00,21.3,47,34,2.7,0
17/12/2014 12:00,15.2,82,153,1.1,3.8
18/12/2014 12:00,19.9,82,170,6,18.4
19/12/2014 12:00,21.1,74,172,4.1,1.4
20/12/2014 12:00,22.7,68,217,3.6,0
21/12/2014 12:00,22.5,65,140,3.6,5
22/12/2014 12:00,22.4,62,209,3.7,0
23/12/2014 12:00,23,52,202,3.2,0
24/12/2014 12:00,21,70,215,3.9,0
25/12/2014 12:00,17.8,78,200,0.4,0
26/12/2014 12:00,22.4,50,318,1.7,0
27/12/2014 12:00,20,57,218,2.4,0
28/12/2014 12:00,20.3,57,48,0.8,0
29/12/2014 12:00,25.2,52,286,1.1,0.8
30/12/2014 12:00,21.6,54,219,3.6,0
31/12/2014 12:00,19.2,58,267,4,0
1/01/2015 12:00,19.3,49,20,3,9.7
2/01/2015 12:00,21.9,54,123,3.6,0
3/01/2015 12:00,20.6,58,100,1.9,0
4/01/2015 12:00,22.8,61,171,2.7,0
5/01/2015 12:00,22.1,64,204,4.1,0
6/01/2015 12:00,22.8,60,149,3.9,0
7/01/2015 12:00,23.2,63,83,3,0
8/01/2015 12:00,25.3,46,192,2.1,0
9/01/2015 12:00,20.4,74,167,3.5,9.7
10/01/2015 12:00,22.7,53,4,2.8,0
11/01/2015 12:00,23.4,55,175,4.1,0
12/01/2015 12:00,23.7,59,61,4.5,0
13/01/2015 12:00,24.8,67,161,3.1,0
14/01/2015 12:00,24.3,60,201,3.6,0
15/01/2015 12:00,25.7,53,145,2.5,0
16/01/2015 12:00,24.2,56,223,3,0
17/01/2015 12:00,21.5,67,240,3.9,0
18/01/2015 12:00,23.8,49,16,3.9,0.3
19/01/2015 12:00,23.7,47,131,4.1,0
20/01/2015 12:00,22,57,135,2.1,0
21/01/2015 12:00,24.3,32,167,4.9,0
22/01/2015 12:00,23.3,39,26,1.9,0
23/01/2015 12:00,27.1,40,205,2.3,0
24/01/2015 12:00,24.8,47,354,2.2,0
25/01/2015 12:00,28.2,29,201,1.7,0
26/01/2015 12:00,25.3,32,189,1.5,0
27/01/2015 12:00,21.4,54,191,2.8,0
28/01/2015 12:00,25.1,53,160,1.7,0
29/01/2015 12:00,25.6,53,117,0.6,20.7
30/01/2015 12:00,25.1,54,44,0.6,0
31/01/2015 12:00,19,93,139,1.2,1.8
1/02/2015 12:00,21.1,79,353,0.8,3.3
2/02/2015 12:00,19.8,84,180,4.8,26.5
3/02/2015 12:00,23,60,120,5,2.7
4/02/2015 12:00,20.8,64,171,4.7,0
5/02/2015 12:00,18,53,69,5.4,3.5
6/02/2015 12:00,18.3,48,58,7.1,2.3
7/02/2015 12:00,20.2,48,190,3.1,0
8/02/2015 12:00,23.4,57,206,3.1,0
9/02/2015 12:00,20.7,61,141,5.2,0
10/02/2015 12:00,20.4,52,155,4,0
11/02/2015 12:00,18.6,51,158,2.4,0
12/02/2015 12:00,20.2,50,23,1.5,0
13/02/2015 12:00,21.3,50,18,2.3,0
14/02/2015 12:00,21.1,51,243,2,0
15/02/2015 12:00,20.8,43,301,1.3,0
16/02/2015 12:00,21.8,47,129,1,0
17/02/2015 12:00,23.8,42,174,1.8,0
18/02/2015 12:00,23.1,49,154,2.9,0
19/02/2015 12:00,24.8,52,184,3.9,0
20/02/2015 12:00,24.4,46,58,1.5,0
21/02/2015 12:00,20.8,65,199,3.5,0
22/02/2015 12:00,21.3,72,166,2.2,1.8
23/02/2015 12:00,17.4,88,34,0.4,1.8
24/02/2015 12:00,22,50,21,1.6,0.3
25/02/2015 12:00,20.6,65,161,3.7,0
26/02/2015 12:00,20.6,62,144,1.5,0
27/02/2015 12:00,21.2,67,152,1.9,0.8
28/02/2015 12:00,23.6,49,199,1.5,3.3
1/03/2015 12:00,24.6,50,178,1.2,0
2/03/2015 12:00,25.5,50,190,2.1,0
3/03/2015 12:00,22.8,50,232,1.7,0
4/03/2015 12:00,20.6,63,349,0.5,0
5/03/2015 12:00,23.3,54,147,0.4,0
6/03/2015 12:00,20.4,72,279,6.8,0
7/03/2015 12:00,20.2,70,226,5.4,8.1
8/03/2015 12:00,18.1,62,49,6.2,12.7
9/03/2015 12:00,19.3,58,347,2.3,0
10/03/2015 12:00,22.9,47,16,2.3,0
11/03/2015 12:00,20.9,65,215,0.6,0
12/03/2015 12:00,17.4,89,112,1.2,6.8
13/03/2015 12:00,19.3,70,305,1.1,0.5
14/03/2015 12:00,24.6,54,50,0.7,0
15/03/2015 12:00,21.5,53,165,3.2,0
16/03/2015 12:00,17.6,76,270,5.2,11
17/03/2015 12:00,18.9,65,65,3.9,0
18/03/2015 12:00,15.9,58,53,3.1,0
19/03/2015 12:00,16.6,52,242,2.2,0
20/03/2015 12:00,17.4,43,166,1.5,0
21/03/2015 12:00,19,47,24,2.5,0
22/03/2015 12:00,19,56,167,2.1,0
23/03/2015 12:00,14.4,91,50,1.7,2.1
24/03/2015 12:00,17.6,71,58,1.5,0.3
25/03/2015 12:00,20.4,61,214,1.9,0
26/03/2015 12:00,18.6,70,200,2.8,0.3
27/03/2015 12:00,23.2,52,347,2.9,0
28/03/2015 12:00,20.6,66,255,3.9,0
29/03/2015 12:00,18.7,83,184,3,14.6
30/03/2015 12:00,16.7,83,124,0.7,2.2
31/03/2015 12:00,18.4,58,50,3,0
1/04/2015 12:00,21.1,58,193,0.9,0
2/04/2015 12:00,19.7,63,154,3.6,0
3/04/2015 12:00,17.4,61,15,4,0
4/04/2015 12:00,19.6,65,134,3,0
5/04/2015 12:00,19.2,75,207,1.8,3.1
6/04/2015 12:00,19.8,76,173,1.8,0
7/04/2015 12:00,20.7,67,221,1.8,0.3
8/04/2015 12:00,20.6,76,222,3.4,0
9/04/2015 12:00,18,96,167,3.2,1.5
10/04/2015 12:00,18.1,85,242,2.6,3.8
11/04/2015 12:00,18,61,270,3.1,39.8
12/04/2015 12:00,16,68,148,4.2,0.3
13/04/2015 12:00,12.1,96,172,6.6,35.7
14/04/2015 12:00,10.2,62,249,0.4,13.3
15/04/2015 12:00,11.7,59,5,1.8,0
16/04/2015 12:00,13.4,54,25,0.6,0
17/04/2015 12:00,14.6,76,214,1.4,0.3
18/04/2015 12:00,10.5,96,203,0.5,36.9
19/04/2015 12:00,15.5,77,168,0.9,16.6
20/04/2015 12:00,17.6,77,214,1.7,2.4
21/04/2015 12:00,17.7,73,214,0.4,0
22/04/2015 12:00,19.5,62,159,1.2,0
23/04/2015 12:00,18.7,60,240,1.6,0
24/04/2015 12:00,17.9,59,159,1.6,0
25/04/2015 12:00,15,65,154,0.8,0
26/04/2015 12:00,17.2,63,220,2.1,0
27/04/2015 12:00,14.7,96,247,3.5,13.7
28/04/2015 12:00,14,74,70,5.8,19.8
29/04/2015 12:00,11.7,91,151,4.3,3.1
30/04/2015 12:00,11.9,65,340,3.8,1.9
1/05/2015 12:00,13.6,62,219,1.8,0.3
2/05/2015 12:00,14.5,67,333,2.8,0
3/05/2015 12:00,14,62,293,2.2,0
4/05/2015 12:00,12.7,70,139,0.4,0.3
5/05/2015 12:00,15.7,74,131,0.4,0
6/05/2015 12:00,15.8,75,227,3.4,0
7/05/2015 12:00,17.7,84,238,7.1,0
8/05/2015 12:00,15.3,98,175,4.1,50
9/05/2015 12:00,15.1,74,14,2.8,2.2
10/05/2015 12:00,14.4,75,1,2.5,0
11/05/2015 12:00,12.1,98,249,2,0.3
12/05/2015 12:00,11.6,95,168,5.7,13.5
13/05/2015 12:00,13.9,69,108,3.3,8.9
14/05/2015 12:00,14.2,80,231,3.9,0
15/05/2015 12:00,12.2,91,238,5.9,30.8
16/05/2015 12:00,11.8,57,300,4.6,10.6
17/05/2015 12:00,11.2,79,114,0.4,0
18/05/2015 12:00,11.4,81,15,1.9,0.3
19/05/2015 12:00,14.4,61,132,1.4,0
20/05/2015 12:00,13.4,76,179,1.7,0
21/05/2015 12:00,10.9,97,214,2.5,0.6
22/05/2015 12:00,12,65,353,0.4,21
23/05/2015 12:00,9.5,96,253,1.2,5.6
24/05/2015 12:00,11.1,63,28,2.2,21.1
25/05/2015 12:00,8.2,56,351,5.1,5.5
26/05/2015 12:00,9.3,73,72,4.5,0
27/05/2015 12:00,9.2,69,31,0.6,0.3
28/05/2015 12:00,10.5,56,124,0.9,0
29/05/2015 12:00,10.8,64,265,0.5,0
30/05/2015 12:00,13.4,61,256,1.5,0.3
31/05/2015 12:00,9.9,83,155,0.7,0
1/06/2015 12:00,13.8,81,31,1.5,0
2/06/2015 12:00,14.2,87,307,3.9,3.9
3/06/2015 12:00,11.9,91,229,6.8,10.5
4/06/2015 12:00,11.9,92,172,3.7,22.6
5/06/2015 12:00,9.5,96,5,0.4,4.9
6/06/2015 12:00,8.9,96,326,0.4,2.1
7/06/2015 12:00,8.3,98,65,2,0.6
8/06/2015 12:00,12.1,69,180,0.4,0.3
9/06/2015 12:00,10,98,195,2.1,1.4
10/06/2015 12:00,10.3,99,183,2.8,6.6
11/06/2015 12:00,10.2,86,97,1.6,14.5
12/06/2015 12:00,9.7,88,115,3.3,1.6
13/06/2015 12:00,9.7,75,100,2.2,3.6
14/06/2015 12:00,12.1,79,67,6.1,0
15/06/2015 12:00,9.6,92,185,2.8,0.8
16/06/2015 12:00,8.2,60,24,1.5,1.3
17/06/2015 12:00,9.5,66,69,0.5,0.3
18/06/2015 12:00,9.2,87,192,3.2,0
19/06/2015 12:00,12.3,97,179,5,3.5
20/06/2015 12:00,13.6,97,210,8.5,20.9
21/06/2015 12:00,9.7,80,19,3.9,29
22/06/2015 12:00,8.7,56,248,2.6,0.6
23/06/2015 12:00,7.2,57,244,1.9,0
24/06/2015 12:00,7,58,333,1.7,0
25/06/2015 12:00,5.7,65,34,0.7,0
26/06/2015 12:00,6.7,84,251,0.7,0.3
27/06/2015 12:00,11.2,61,40,3.3,0.3
28/06/2015 12:00,10.9,66,23,3.8,0
29/06/2015 12:00,11.6,68,75,5.6,0.6
30/06/2015 12:00,12.1,74,59,4.8,0
1/07/2015 12:00,10.5,84,22,2.7,0.3
2/07/2015 12:00,8.2,97,154,1.5,0
3/07/2015 12:00,11,74,240,4,0
4/07/2015 12:00,11.8,97,161,1.7,10
5/07/2015 12:00,9.8,73,32,5.1,0.6
6/07/2015 12:00,11.3,78,83,3.5,0.6
7/07/2015 12:00,9.6,95,164,3.9,15.3
8/07/2015 12:00,5.8,77,272,3.2,17.3
9/07/2015 12:00,4.7,65,11,3,0
10/07/2015 12:00,7.4,56,270,1.1,0
11/07/2015 12:00,7.5,54,245,0.4,0
12/07/2015 12:00,8.5,62,137,0.7,0.3
13/07/2015 12:00,8.1,58,146,0.5,0
14/07/2015 12:00,7.3,81,158,0.4,0.3
15/07/2015 12:00,10.9,83,44,3.2,0.6
16/07/2015 12:00,12,82,35,2.5,23.5
17/07/2015 12:00,9.2,97,220,1,0.3
18/07/2015 12:00,9.5,94,66,3.1,6.9
19/07/2015 12:00,7.2,53,320,8.3,20.5
20/07/2015 12:00,7,81,207,0.4,0
21/07/2015 12:00,8.6,53,330,3.4,2.1
22/07/2015 12:00,10.8,58,339,2.8,0
23/07/2015 12:00,11.5,58,226,0.4,0
24/07/2015 12:00,9.1,73,37,1.9,0.3
25/07/2015 12:00,10.6,65,164,1.4,0
26/07/2015 12:00,11.4,81,NA,5.6823,0
27/07/2015 12:00,13.9,84,5,1.4,4.8
28/07/2015 12:00,12,76,99,3.9,11.9
29/07/2015 12:00,9.5,73,17,2.8,7.8
30/07/2015 12:00,8,58,52,0.7,0
31/07/2015 12:00,8.5,74,88,0.5,0
1/08/2015 12:00,8.2,98,155,3.3,1.3
2/08/2015 12:00,10.8,97,140,3.8,3.9
3/08/2015 12:00,13.8,79,142,3.8,0
4/08/2015 12:00,12.2,91,238,5.2,3.1
5/08/2015 12:00,8.5,98,166,0.6,11.5
6/08/2015 12:00,12.5,80,158,5.2,44
7/08/2015 12:00,9.8,72,176,6.7,6.4
8/08/2015 12:00,4.9,87,69,2.5,13.2
9/08/2015 12:00,7.5,74,231,0.4,1.7
10/08/2015 12:00,8,64,254,0.5,3.5
11/08/2015 12:00,7.4,57,357,1.4,0
12/08/2015 12:00,8.6,68,233,0.4,0
13/08/2015 12:00,10.6,59,186,0.4,0
14/08/2015 12:00,10.5,78,39,4.1,0
15/08/2015 12:00,10.6,78,24,1.8,22.3
16/08/2015 12:00,12.5,60,219,1.7,0
17/08/2015 12:00,11.9,62,106,0.7,0
18/08/2015 12:00,11,71,295,1.3,0
19/08/2015 12:00,11,88,248,6.1,3.6
20/08/2015 12:00,10.2,71,323,4.4,7.6
21/08/2015 12:00,11.7,60,168,0.4,0
22/08/2015 12:00,11.9,55,130,0.7,0
23/08/2015 12:00,12.4,71,226,1.6,0.3
24/08/2015 12:00,12,76,185,1.9,0.3
25/08/2015 12:00,11.1,96,178,5.9,22.8
26/08/2015 12:00,12.7,66,106,0.6,9.8
27/08/2015 12:00,11.3,56,76,0.6,0.3
28/08/2015 12:00,13.1,64,126,1,0
29/08/2015 12:00,10.2,79,207,0.6,0
30/08/2015 12:00,13.2,96,173,3,9
31/08/2015 12:00,11.3,86,158,0.7,0
1/09/2015 12:00,10.9,90,141,1,5.7
2/09/2015 12:00,12.3,85,181,4.9,11.3
3/09/2015 12:00,11.7,76,60,5.6,13
4/09/2015 12:00,8.7,83,167,1.6,0
5/09/2015 12:00,11.6,69,351,2.3,1.1
6/09/2015 12:00,10,68,59,3.4,3.9
7/09/2015 12:00,10.8,53,17,0.7,0
8/09/2015 12:00,11.1,54,42,3.9,0
9/09/2015 12:00,10.4,71,95,1,0
10/09/2015 12:00,10.1,93,249,0.9,1.3
11/09/2015 12:00,9.7,56,325,4.6,8
12/09/2015 12:00,9.6,43,280,5.5,2.2
13/09/2015 12:00,13.8,58,15,1.4,0
14/09/2015 12:00,14.4,59,197,0.8,0
15/09/2015 12:00,10.7,70,47,4.2,0
16/09/2015 12:00,12,68,61,2.7,0
17/09/2015 12:00,14.7,73,164,3.9,0
18/09/2015 12:00,13.7,85,116,3.7,10.3
19/09/2015 12:00,14.8,59,146,0.5,1.3
20/09/2015 12:00,11,81,161,3.9,22.9
21/09/2015 12:00,10.7,57,242,1.1,32
22/09/2015 12:00,13.3,64,109,0.4,1.8
23/09/2015 12:00,11.9,80,136,1.3,4.1
24/09/2015 12:00,15.4,64,176,1.2,3
25/09/2015 12:00,14.7,51,164,0.7,5.9
26/09/2015 12:00,14.4,50,186,3.9,0
27/09/2015 12:00,14.7,45,261,0.4,0
28/09/2015 12:00,13.7,59,140,2.7,5.1
29/09/2015 12:00,15.3,42,133,0.7,0
30/09/2015 12:00,15,58,120,1.9,0
1/10/2015 12:00,15.1,69,170,2.9,0.3
2/10/2015 12:00,12.7,91,121,4.8,38.5
3/10/2015 12:00,13.6,70,258,3.1,12.7
4/10/2015 12:00,15.6,72,133,4.5,0
5/10/2015 12:00,15.2,50,352,5.2,0
6/10/2015 12:00,16.8,63,160,4,2
7/10/2015 12:00,13.8,77,237,1.3,0
8/10/2015 12:00,13.7,55,348,6.2,2.1
9/10/2015 12:00,14.4,45,73,3.5,0.5
10/10/2015 12:00,12.8,73,137,1.3,0
11/10/2015 12:00,16.8,62,187,4.1,0
12/10/2015 12:00,15.3,64,41,6.1,0.3
13/10/2015 12:00,14.9,74,95,4.6,0.3
14/10/2015 12:00,17,61,351,1.3,2.7
15/10/2015 12:00,15.3,66,174,3.4,0
16/10/2015 12:00,15.7,63,112,3.6,0
17/10/2015 12:00,15.2,62,112,4.9,0
18/10/2015 12:00,14.7,74,102,5.6,0.6
19/10/2015 12:00,13.6,55,42,9.3,1.7
20/10/2015 12:00,13.9,52,29,4.9,0
21/10/2015 12:00,14.9,63,100,5.1,0
22/10/2015 12:00,15,86,131,5.4,0
23/10/2015 12:00,17.7,69,100,6,5.9
24/10/2015 12:00,18.4,78,167,1.9,11.9
25/10/2015 12:00,16.8,74,178,2.3,1
26/10/2015 12:00,18,65,172,2.7,0
27/10/2015 12:00,18,51,22,5.6,1
28/10/2015 12:00,14.8,72,187,3.1,0
29/10/2015 12:00,14.2,74,194,0.4,0
30/10/2015 12:00,13.4,57,219,1.2,6.6
31/10/2015 12:00,14.5,60,175,1.5,0
1/11/2015 12:00,17.3,61,183,2,0
2/11/2015 12:00,16.1,59,167,3.2,0
3/11/2015 12:00,13.6,73,129,2.6,0
4/11/2015 12:00,12.2,90,143,4.4,29.3
5/11/2015 12:00,13.5,55,271,2.4,15.6
6/11/2015 12:00,19.1,49,113,0.5,0
7/11/2015 12:00,21.2,40,18,1,0
8/11/2015 12:00,18.4,55,205,1.8,0
9/11/2015 12:00,22,68,240,3.4,0
10/11/2015 12:00,19.9,58,152,3.8,0
11/11/2015 12:00,19.3,58,73,5.7,0
12/11/2015 12:00,14.5,56,188,1.6,4.3
13/11/2015 12:00,13.1,40,223,1.9,0
14/11/2015 12:00,16,52,194,3.7,0
15/11/2015 12:00,13.8,91,148,4.5,2.7
16/11/2015 12:00,13.7,97,273,1.5,19.8
17/11/2015 12:00,13.9,72,63,5.9,5
18/11/2015 12:00,16.1,56,51,4.3,0
19/11/2015 12:00,17.8,49,200,1,0.6
20/11/2015 12:00,12.6,95,223,5.7,4.8
21/11/2015 12:00,11.3,91,58,2.4,12.1
22/11/2015 12:00,16.8,70,96,5.3,14.9
23/11/2015 12:00,18.8,57,178,3.6,0
24/11/2015 12:00,18.4,58,182,5.6,0
25/11/2015 12:00,21,51,214,3.6,0
26/11/2015 12:00,22.8,60,153,3.8,0
27/11/2015 12:00,20.7,66,170,6.9,0
28/11/2015 12:00,19.1,87,162,5.9,30.2
29/11/2015 12:00,21.4,48,138,0.4,0
30/11/2015 12:00,22.4,53,324,2.2,0
1/12/2015 12:00,17.8,69,277,1.8,0
2/12/2015 12:00,17.3,76,187,1.7,0
3/12/2015 12:00,17.8,68,142,1.4,0
4/12/2015 12:00,19,72,157,2.9,0
5/12/2015 12:00,17,66,154,4.5,0
6/12/2015 12:00,16.7,63,65,3.4,0
7/12/2015 12:00,15.8,73,98,3.7,2.3
8/12/2015 12:00,15.3,51,15,5.4,0
9/12/2015 12:00,19.6,53,191,1.3,0
10/12/2015 12:00,18.1,57,134,4.3,0
11/12/2015 12:00,22.6,61,154,3.5,0.3
12/12/2015 12:00,18.7,91,164,4.3,5.8
13/12/2015 12:00,17.4,61,45,6.1,25.4
14/12/2015 12:00,17.7,55,172,2.6,0
15/12/2015 12:00,16.8,63,25,3,0
16/12/2015 12:00,16,70,153,5,0
17/12/2015 12:00,16.7,48,110,2.4,1.6
18/12/2015 12:00,17.8,43,277,1.9,9.2
19/12/2015 12:00,20.6,43,265,0.9,2
20/12/2015 12:00,19.9,67,196,4,0
21/12/2015 12:00,22.9,53,356,4,0
22/12/2015 12:00,21.2,59,358,4.2,0
23/12/2015 12:00,20.9,52,107,1.8,0
24/12/2015 12:00,18.4,65,31,3.2,2.9
25/12/2015 12:00,19.4,76,187,1.2,1.9
26/12/2015 12:00,23.7,48,168,1.6,7.7
27/12/2015 12:00,25.4,44,3,2.4,0
28/12/2015 12:00,23.1,58,242,2.8,0
29/12/2015 12:00,23.7,56,181,3.4,0
30/12/2015 12:00,22.5,45,145,3.9,0
31/12/2015 12:00,23.6,62,76,1.3,0
1/01/2016 12:00,17.8,68,53,2.2,0
2/01/2016 12:00,15.8,88,55,2,3.2
3/01/2016 12:00,19.5,95,181,5.5,32.2
4/01/2016 12:00,17.5,58,164,4.5,4.1
5/01/2016 12:00,17.8,49,20,1.5,0
6/01/2016 12:00,20,50,261,1.6,0
7/01/2016 12:00,18.2,56,329,3.4,0
8/01/2016 12:00,18,96,185,7.6,4
9/01/2016 12:00,22.1,61,114,3.2,9.5
10/01/2016 12:00,19.1,69,83,1.6,0
11/01/2016 12:00,19.3,68,18,0.8,0
12/01/2016 12:00,20.1,76,186,3.1,1.5
13/01/2016 12:00,22.6,59,184,2.6,0
14/01/2016 12:00,21.5,61,192,2.6,0
15/01/2016 12:00,20.5,69,152,4.6,0
16/01/2016 12:00,20.8,68,90,2.7,0
17/01/2016 12:00,22.8,64,316,1.6,0
18/01/2016 12:00,22.1,73,250,4.3,2.3
19/01/2016 12:00,21.3,70,238,3.5,22.2
20/01/2016 12:00,22.5,67,141,2.3,0
21/01/2016 12:00,24.1,58,182,2.6,0
22/01/2016 12:00,23.7,59,213,1.8,0
23/01/2016 12:00,25,59,190,3.4,0
24/01/2016 12:00,26.1,62,230,2.6,0
25/01/2016 12:00,24.9,60,56,1.2,0
26/01/2016 12:00,28,50,156,0.8,0
27/01/2016 12:00,26.9,63,11,1.5,0
28/01/2016 12:00,24.8,58,321,4.3,17.8
29/01/2016 12:00,24.5,67,179,2.5,0
30/01/2016 12:00,24,59,60,3.5,0
31/01/2016 12:00,23.4,64,255,1.5,0
1/02/2016 12:00,21.9,72,278,3.1,7
2/02/2016 12:00,24.7,57,41,2.4,0
3/02/2016 12:00,25.7,54,42,2,3.6
4/02/2016 12:00,21,60,336,2.2,0
5/02/2016 12:00,22.1,74,136,1.6,0
6/02/2016 12:00,23.4,72,149,3.3,16.2
7/02/2016 12:00,23.5,60,200,2,2.6
8/02/2016 12:00,22.4,67,15,2.3,0
9/02/2016 12:00,17.1,95,184,2.2,2.4
10/02/2016 12:00,24.9,57,154,2.5,0
11/02/2016 12:00,23.5,67,248,2,0
12/02/2016 12:00,24.8,62,221,2.8,0
13/02/2016 12:00,24.6,64,238,2.2,0
14/02/2016 12:00,24.7,50,6,2.9,0
15/02/2016 12:00,20.9,64,59,1.7,0.3
16/02/2016 12:00,22.1,63,63,1.3,0
17/02/2016 12:00,17.3,90,278,4.2,5
18/02/2016 12:00,20.3,92,259,4.2,20.8
19/02/2016 12:00,21.5,72,173,6,46.2
20/02/2016 12:00,20.3,65,52,2.7,0
21/02/2016 12:00,21.3,64,38,4.2,0
22/02/2016 12:00,23.6,57,139,1.5,0
23/02/2016 12:00,19.3,77,223,3.8,5
24/02/2016 12:00,21.5,59,80,3.2,0
25/02/2016 12:00,21.1,69,143,3.5,0
26/02/2016 12:00,22.6,69,201,3.6,0
27/02/2016 12:00,24.1,62,155,3.6,0
28/02/2016 12:00,23.4,75,189,3,6.3
29/02/2016 12:00,19.5,96,116,3.8,5.1
1/03/2016 12:00,16.1,86,168,2.5,17.5
2/03/2016 12:00,22,55,169,1.8,0
3/03/2016 12:00,20.2,62,193,1.6,0
4/03/2016 12:00,22.2,63,175,2.4,0
5/03/2016 12:00,21.9,67,205,3.1,0
6/03/2016 12:00,19.1,74,43,3.3,0
7/03/2016 12:00,21.4,73,56,3.9,0
8/03/2016 12:00,23.1,58,103,4,0
9/03/2016 12:00,22.1,54,144,1.1,0
10/03/2016 12:00,19.7,63,121,4.2,0
11/03/2016 12:00,19.6,63,295,1,1.1
12/03/2016 12:00,18.3,47,154,0.7,0
13/03/2016 12:00,20.4,62,166,2.1,0
14/03/2016 12:00,20.5,74,202,2.5,0.9
15/03/2016 12:00,19.5,82,147,3.9,1.1
16/03/2016 12:00,23.9,60,229,1.1,0.6
17/03/2016 12:00,17.8,79,164,1.6,10.7
18/03/2016 12:00,18.8,81,360,2.4,10.5
19/03/2016 12:00,19.6,68,151,1.6,0
20/03/2016 12:00,19.6,78,80,1.1,0
21/03/2016 12:00,21.5,66,63,1.4,0
22/03/2016 12:00,21.4,66,54,2.3,0.3
23/03/2016 12:00,20.8,71,39,4.7,0.3
24/03/2016 12:00,20.1,90,242,1.5,13.8
25/03/2016 12:00,23.5,71,67,1.4,10.4
26/03/2016 12:00,20.9,71,105,1.4,2.6
27/03/2016 12:00,21.6,70,177,3,2.9
28/03/2016 12:00,19.2,80,178,2.5,0
29/03/2016 12:00,19.9,47,6,2.9,0.3
30/03/2016 12:00,20.2,45,147,3.4,0
31/03/2016 12:00,19.6,53,82,1.8,0
1/04/2016 12:00,17.5,71,70,2,0
2/04/2016 12:00,19,91,233,2.9,5.3
3/04/2016 12:00,20.1,82,160,1,3
4/04/2016 12:00,18,81,351,1.5,0.3
5/04/2016 12:00,16.6,62,247,2.1,5.4
6/04/2016 12:00,17,53,83,0.4,0
7/04/2016 12:00,13.8,90,219,0.5,0
8/04/2016 12:00,14.8,96,217,2.8,0.5
9/04/2016 12:00,17.9,72,156,0.4,0
10/04/2016 12:00,15,96,166,1.7,6.5
11/04/2016 12:00,19.2,70,56,0.5,1.1
12/04/2016 12:00,15.8,93,244,3.1,0
13/04/2016 12:00,15.8,74,309,1.9,12.4
14/04/2016 12:00,16.7,51,228,0.4,0
15/04/2016 12:00,15.9,61,292,0.9,0
16/04/2016 12:00,14.6,76,168,0.4,0
17/04/2016 12:00,15.8,84,148,0.4,0
18/04/2016 12:00,19.9,71,230,1,7
19/04/2016 12:00,17.7,60,134,0.5,0
20/04/2016 12:00,16.4,63,356,0.6,0
21/04/2016 12:00,18.6,62,168,0.4,0
22/04/2016 12:00,17,63,211,0.4,0
23/04/2016 12:00,15.8,78,189,0.7,0
24/04/2016 12:00,15,95,144,2.3,3.9
25/04/2016 12:00,16.9,66,358,0.5,0
26/04/2016 12:00,15.8,64,357,2.7,2
27/04/2016 12:00,17.9,67,170,0.5,0
28/04/2016 12:00,16,66,132,0.5,0
29/04/2016 12:00,14.5,70,16,1.4,0
30/04/2016 12:00,16.7,60,175,1.1,0
1/05/2016 12:00,17.7,70,206,0.8,0
2/05/2016 12:00,16.3,87,200,1.6,0
3/05/2016 12:00,16.2,86,166,1,0.3
4/05/2016 12:00,15.8,85,81,0.5,0.3
5/05/2016 12:00,16.2,95,208,1.9,0.5
6/05/2016 12:00,18.3,84,235,1.6,9.7
7/05/2016 12:00,18.8,70,217,0.4,0
8/05/2016 12:00,15.9,80,113,0.5,0
9/05/2016 12:00,16.7,71,314,0.9,0.3
10/05/2016 12:00,17.6,69,39,0.4,0
11/05/2016 12:00,17.7,82,274,0.8,0
12/05/2016 12:00,16.1,80,101,3.1,12.7
13/05/2016 12:00,18.2,82,154,5.6,1.9
14/05/2016 12:00,17,64,89,2,2.4
15/05/2016 12:00,13.9,97,189,2.2,0.3
16/05/2016 12:00,14.8,95,172,3.6,0.8
17/05/2016 12:00,14.1,68,334,1.3,12.1
18/05/2016 12:00,10.3,98,186,2.8,7.4
19/05/2016 12:00,14.4,80,75,4.2,0.9
20/05/2016 12:00,14,88,71,3.2,1.7
21/05/2016 12:00,13.4,80,88,2.6,14.3
22/05/2016 12:00,12.6,79,92,2,6.8
23/05/2016 12:00,7.8,95,25,3.3,1.4
24/05/2016 12:00,13.4,83,117,4.1,19.3
25/05/2016 12:00,13.2,85,164,4,23.4
26/05/2016 12:00,11.6,93,87,5.1,10.2
27/05/2016 12:00,11.6,99,94,3.8,4.9
28/05/2016 12:00,15.1,91,119,5.5,7.6
29/05/2016 12:00,14,83,132,2,15.3
30/05/2016 12:00,11.3,80,133,1.6,14.6
31/05/2016 12:00,10.8,82,150,3.6,11.6
1/06/2016 12:00,10.8,64,199,1.5,0
2/06/2016 12:00,11.8,61,190,0.5,0
3/06/2016 12:00,11.1,65,217,0.4,0.3
4/06/2016 12:00,11.1,62,212,0.4,0
5/06/2016 12:00,11.1,59,235,0.4,0
6/06/2016 12:00,10.9,61,226,1,0.3
7/06/2016 12:00,11.2,65,238,0.8,0
8/06/2016 12:00,12.4,82,193,1,0
9/06/2016 12:00,15.3,79,193,2.5,0
10/06/2016 12:00,16.2,98,67,6.9,7.3
11/06/2016 12:00,12.9,92,146,2.2,11.1
12/06/2016 12:00,12.3,81,191,1.4,0
13/06/2016 12:00,9.3,67,201,1.8,5.8
14/06/2016 12:00,10.3,87,171,0.4,0.3
15/06/2016 12:00,12.2,91,164,2.3,0.3
16/06/2016 12:00,12.8,94,174,1.9,0
17/06/2016 12:00,10.5,82,209,0.4,0.3
18/06/2016 12:00,10.8,73,241,2.3,0
19/06/2016 12:00,11.3,80,220,2,0
20/06/2016 12:00,13.9,73,242,0.5,0.3
21/06/2016 12:00,12.3,96,53,0.8,0
22/06/2016 12:00,15.2,94,99,5.1,13
23/06/2016 12:00,13.8,98,208,5,54.5
24/06/2016 12:00,12.2,87,252,1.3,10.8
25/06/2016 12:00,9.5,95,40,0.4,1.6
26/06/2016 12:00,10.2,93,51,4.5,13.6
27/06/2016 12:00,11.6,98,325,4.6,20.5
28/06/2016 12:00,12.4,90,130,4.1,7.6
29/06/2016 12:00,8.9,96,304,0.6,5.8
30/06/2016 12:00,11.9,84,49,1.8,8
1/07/2016 12:00,9.2,55,36,3.1,0.6
2/07/2016 12:00,8.7,69,271,0.8,0
3/07/2016 12:00,9,74,197,0.5,0.3
4/07/2016 12:00,9.9,61,152,0.4,0
5/07/2016 12:00,8.6,98,84,0.9,0.3
6/07/2016 12:00,9.4,94,152,1,0.3
7/07/2016 12:00,9.8,74,117,4.1,0
8/07/2016 12:00,14.5,76,136,2.5,9.9
9/07/2016 12:00,10.4,58,25,2.6,0.3
10/07/2016 12:00,12.3,58,24,2.9,0
11/07/2016 12:00,11.6,56,59,2.4,0
12/07/2016 12:00,11.3,57,80,1.3,0
13/07/2016 12:00,9.4,75,113,0.4,0
14/07/2016 12:00,10.5,83,164,3.5,26.9
15/07/2016 12:00,10.2,92,75,3.8,1.5
16/07/2016 12:00,9.9,77,181,2.4,10
17/07/2016 12:00,11.5,68,79,6.1,0.8
18/07/2016 12:00,9.2,71,133,2.8,1.5
19/07/2016 12:00,7.8,90,73,0.6,0.3
20/07/2016 12:00,11.2,67,104,6,20.9
21/07/2016 12:00,10.7,64,69,4.7,0
22/07/2016 12:00,11.3,79,161,0.4,0
23/07/2016 12:00,14.1,94,119,5.6,11.7
24/07/2016 12:00,10.4,84,211,5.7,27.2
25/07/2016 12:00,9.9,80,278,3,12.2
26/07/2016 12:00,8.5,95,172,0.4,5.3
27/07/2016 12:00,10.9,99,218,3,2.2
28/07/2016 12:00,8.9,96,113,0.9,5.9
29/07/2016 12:00,10.1,75,314,8.2,19
30/07/2016 12:00,10.8,84,298,2.6,2.2
31/07/2016 12:00,7.5,81,189,4,12.9
1/08/2016 12:00,11.2,80,113,1.2,2.4
2/08/2016 12:00,10.8,71,353,0.5,12
3/08/2016 12:00,11.3,98,227,5.4,3
4/08/2016 12:00,10.3,92,300,2.1,12.6
5/08/2016 12:00,7.8,95,226,1.7,8.8
6/08/2016 12:00,5,88,284,5.6,20.4
7/08/2016 12:00,7.6,61,11,1.2,2.7
8/08/2016 12:00,7.6,58,1,0.4,0.3
9/08/2016 12:00,9.6,59,305,0.6,0
10/08/2016 12:00,9.3,65,146,1.5,0
11/08/2016 12:00,11.2,65,114,0.9,0
12/08/2016 12:00,12.9,72,84,1.4,0
13/08/2016 12:00,10.8,96,72,5.4,4.6
14/08/2016 12:00,11.1,66,224,1.9,0.3
15/08/2016 12:00,10.5,66,92,0.9,0
16/08/2016 12:00,13.2,57,94,1,0
17/08/2016 12:00,13.3,54,138,0.4,0
18/08/2016 12:00,13.4,58,84,0.4,0
19/08/2016 12:00,12.3,57,106,0.7,0
20/08/2016 12:00,12.5,63,112,0.7,0
21/08/2016 12:00,12.4,51,129,0.5,0
22/08/2016 12:00,12.3,69,66,3.5,0
23/08/2016 12:00,12.7,67,70,1.4,3
24/08/2016 12:00,9.9,78,56,0.4,0
25/08/2016 12:00,11.4,96,63,0.4,17.3
26/08/2016 12:00,13.8,97,64,6.8,32
27/08/2016 12:00,8.2,82,59,6.7,7.5
28/08/2016 12:00,12.2,65,79,1.5,0.3
29/08/2016 12:00,7.5,88,43,0.4,0
30/08/2016 12:00,15.5,56,84,0.4,0
31/08/2016 12:00,14.8,54,79,0.4,0
1/09/2016 12:00,11.8,68,69,0.9,0.3
2/09/2016 12:00,12.7,88,39,1.6,0.6
3/09/2016 12:00,13.7,73,78,2.3,4.2
4/09/2016 12:00,14.4,86,59,2,2.2
5/09/2016 12:00,13.6,64,116,5.4,20.6
6/09/2016 12:00,13.7,65,20,1.9,0.3
7/09/2016 12:00,11.2,77,98,3.1,0.3
8/09/2016 12:00,6.8,60,87,2.7,6.6
9/09/2016 12:00,9.8,49,53,7.4,0
10/09/2016 12:00,12.8,47,41,5.4,0
11/09/2016 12:00,15.5,47,40,0.8,0
12/09/2016 12:00,11.1,67,68,1.4,0.5
13/09/2016 12:00,13.6,70,57,2.9,0
14/09/2016 12:00,13.9,86,41,2.2,0.3
15/09/2016 12:00,13.9,92,106,3.3,22.8
16/09/2016 12:00,13.5,99,96,2.8,5.9
17/09/2016 12:00,13.1,93,97,4.8,1.7
18/09/2016 12:00,14.6,83,226,1,10.7
19/09/2016 12:00,14.9,61,4,1,6.9
20/09/2016 12:00,15.4,53,116,0.6,0
21/09/2016 12:00,9.9,86,47,0.7,3.7
22/09/2016 12:00,13.1,79,82,1.3,2
23/09/2016 12:00,15.6,76,85,0.4,3
24/09/2016 12:00,13.9,85,41,0.7,0.3
25/09/2016 12:00,11.6,90,275,2.1,9.1
26/09/2016 12:00,13.7,75,84,1,14.5
27/09/2016 12:00,16.2,66,42,1.5,1.6
28/09/2016 12:00,15.6,70,203,1,0
29/09/2016 12:00,12.6,93,52,0.6,11.9
30/09/2016 12:00,14.3,74,84,1.1,1.4
1/10/2016 12:00,14.3,76,59,3.1,0.3
2/10/2016 12:00,13.7,95,68,3.8,17.6
3/10/2016 12:00,16.1,74,160,1.2,2.1
4/10/2016 12:00,15.4,78,165,1.8,6.1
5/10/2016 12:00,16.3,60,156,5,14.5
6/10/2016 12:00,11.4,94,288,5,29.5
7/10/2016 12:00,13.9,69,50,0.5,13.8
8/10/2016 12:00,14.7,62,350,3.8,1.1
9/10/2016 12:00,14.1,74,283,0.9,5.6
10/10/2016 12:00,16.2,59,276,0.6,0
11/10/2016 12:00,18.6,63,103,3.2,0.3
12/10/2016 12:00,14.9,89,53,4.7,2.8
13/10/2016 12:00,14.1,55,92,0.8,0.3
14/10/2016 12:00,13.7,70,84,3.9,0
15/10/2016 12:00,12.7,67,88,0.4,15.3
16/10/2016 12:00,13.3,67,78,4.8,0
17/10/2016 12:00,18.8,53,95,3.6,0
18/10/2016 12:00,17.4,59,94,2.2,0
19/10/2016 12:00,15.5,83,47,2.6,0
20/10/2016 12:00,16,94,123,5.5,3
21/10/2016 12:00,16.6,59,103,0.7,6.9
22/10/2016 12:00,15.7,52,91,1.4,0.9
23/10/2016 12:00,19.1,51,111,0.9,0
24/10/2016 12:00,18.4,63,90,0.7,0
25/10/2016 12:00,16.8,75,69,0.9,1
26/10/2016 12:00,13.7,85,80,2.7,9.6
27/10/2016 12:00,15.9,64,81,2.5,3.7
28/10/2016 12:00,16.1,65,80,1.7,0
29/10/2016 12:00,14.4,53,86,2.6,6.2
30/10/2016 12:00,13.1,46,95,1.1,0
31/10/2016 12:00,12.9,44,313,0.5,0
1/11/2016 12:00,16.1,54,106,3.5,0
2/11/2016 12:00,13.5,92,79,3.9,7.4
3/11/2016 12:00,15.4,55,78,3.1,1.6
4/11/2016 12:00,14.8,57,66,2.5,0.3
5/11/2016 12:00,14.5,83,60,2.7,0
6/11/2016 12:00,18.4,67,70,4.5,3.7
7/11/2016 12:00,14.5,90,86,2.9,13.5
8/11/2016 12:00,17.1,54,76,9.2,5.2
9/11/2016 12:00,23,59,72,1.7,0
10/11/2016 12:00,19.9,65,77,3.9,0
11/11/2016 12:00,19.5,65,69,3.2,0.5
12/11/2016 12:00,13.4,90,94,2.4,17.4
13/11/2016 12:00,14.7,54,76,2.2,0.3
14/11/2016 12:00,15.7,71,71,2.3,0
15/11/2016 12:00,14.8,98,126,6.5,22.9
16/11/2016 12:00,14.3,68,203,1.9,39.6
17/11/2016 12:00,12.7,76,158,2.3,21.6
18/11/2016 12:00,15.9,43,152,3,1.7
19/11/2016 12:00,18.4,70,80,3.1,0
20/11/2016 12:00,18.1,50,96,2.4,0.3
21/11/2016 12:00,19.2,57,87,5.3,0
22/11/2016 12:00,21.1,65,77,2.2,0
23/11/2016 12:00,22.3,55,88,3.1,0
24/11/2016 12:00,20.8,63,90,0.6,0
25/11/2016 12:00,18,77,70,5.7,0.5
26/11/2016 12:00,17.8,61,112,5.8,13
27/11/2016 12:00,14.4,81,81,7.8,1.6
28/11/2016 12:00,13.8,57,77,6,9.8
29/11/2016 12:00,15.7,67,86,2.4,0
30/11/2016 12:00,17.3,73,85,3.4,0.6
1/12/2016 12:00,18.7,80,107,5,0.6
2/12/2016 12:00,19.9,62,106,1,4.6
3/12/2016 12:00,19.1,52,124,0.5,0
4/12/2016 12:00,17.4,71,117,2.4,0
5/12/2016 12:00,22.3,55,118,2.8,0
6/12/2016 12:00,23.4,58,108,2.3,0
7/12/2016 12:00,22.2,56,102,5,0.3
8/12/2016 12:00,13.9,95,173,2.4,11
9/12/2016 12:00,24,60,120,1.3,1.2
10/12/2016 12:00,19.7,82,96,3.9,0
11/12/2016 12:00,15.6,60,110,5.8,8.5
12/12/2016 12:00,15.4,70,95,6.7,0
13/12/2016 12:00,16,42,9,3.4,0.3
14/12/2016 12:00,13.7,94,122,6,0.6
15/12/2016 12:00,18.5,74,98,6.9,0
16/12/2016 12:00,17.5,55,139,4.3,4.7
17/12/2016 12:00,20.4,54,125,1,0
18/12/2016 12:00,18.8,69,115,3.1,0
19/12/2016 12:00,17.1,95,173,4.2,4.4
20/12/2016 12:00,19.8,58,121,1.9,5.9
21/12/2016 12:00,22.9,56,128,1.9,0
22/12/2016 12:00,21.4,64,124,4,0
23/12/2016 12:00,15.7,58,197,4.4,16.1
24/12/2016 12:00,17.2,53,119,4.3,0.6
25/12/2016 12:00,17.6,65,111,2.7,0
26/12/2016 12:00,20.5,68,129,2.7,0
27/12/2016 12:00,18.9,66,112,3.6,0
28/12/2016 12:00,22.9,50,125,3.3,0
29/12/2016 12:00,15.1,59,123,3.5,0
30/12/2016 12:00,20,51,39,2,0
31/12/2016 12:00,20.5,55,131,4.5,0
1/01/2017 12:00,19.1,67,124,4.2,0
2/01/2017 12:00,18.2,96,216,3.2,2.6
3/01/2017 12:00,18,95,162,5.2,12.4
4/01/2017 12:00,16.7,67,215,4.8,4.7
5/01/2017 12:00,17.5,45,127,1.7,0
6/01/2017 12:00,16.7,59,116,3.1,0
7/01/2017 12:00,19,49,113,2.1,0
8/01/2017 12:00,17.8,54,91,3.2,0
9/01/2017 12:00,18.2,66,102,5.6,0
10/01/2017 12:00,23.6,61,105,4.7,0.3
11/01/2017 12:00,22.2,64,129,4.4,0
12/01/2017 12:00,21.5,58,138,6.3,0
13/01/2017 12:00,21.1,51,147,4.5,9
14/01/2017 12:00,20.4,59,144,1.7,0
15/01/2017 12:00,19.1,97,234,7.1,4.6
16/01/2017 12:00,19.5,59,146,2.3,6.8
17/01/2017 12:00,20.8,55,126,4,0
18/01/2017 12:00,20.1,69,121,2.1,0
19/01/2017 12:00,15.4,98,228,7.9,3.8
20/01/2017 12:00,15.5,62,170,3.5,5
21/01/2017 12:00,20.1,49,151,4.6,0
22/01/2017 12:00,16.9,88,116,6.9,20.6
23/01/2017 12:00,15.6,72,148,5.3,9.1
24/01/2017 12:00,20.3,60,117,1.5,0
25/01/2017 12:00,15.5,92,181,5,0
26/01/2017 12:00,18.8,57,141,1.7,3.6
27/01/2017 12:00,18.8,58,146,3.3,0
28/01/2017 12:00,24.4,46,100,0.6,0
29/01/2017 12:00,22.8,58,147,3.2,0
30/01/2017 12:00,23.2,65,155,3.6,0
31/01/2017 12:00,23.9,58,145,2.7,0
1/02/2017 12:00,19.8,65,152,4.3,0
2/02/2017 12:00,20.6,80,156,4.2,0.6
3/02/2017 12:00,23,67,172,4.3,8.8
4/02/2017 12:00,21.2,51,167,3,0
5/02/2017 12:00,24.5,57,153,1.9,0
6/02/2017 12:00,23.5,64,161,3.1,0
7/02/2017 12:00,23.5,77,182,4.6,0.6
8/02/2017 12:00,20.4,70,190,3.5,0.9
9/02/2017 12:00,20.3,48,126,3.8,0
10/02/2017 12:00,17.7,52,31,3,0
11/02/2017 12:00,21.4,43,126,1.9,0
12/02/2017 12:00,17.3,80,152,2.7,0
13/02/2017 12:00,20.6,86,232,5.9,4.8
14/02/2017 12:00,16.8,90,192,0.6,3.2
15/02/2017 12:00,21.7,57,146,0.6,0.8
16/02/2017 12:00,16.2,95,193,1,5.1
17/02/2017 12:00,17.5,91,224,3.3,88.3
18/02/2017 12:00,23.6,69,234,2,24.1
19/02/2017 12:00,22.9,68,208,1,2.7
20/02/2017 12:00,24.2,62,100,0.8,0
21/02/2017 12:00,21.6,61,95,0.4,0
22/02/2017 12:00,23.3,63,94,1.1,0
23/02/2017 12:00,24.5,54,99,1.6,0
24/02/2017 12:00,22.9,53,86,0.6,0
25/02/2017 12:00,23.7,57,111,1.4,0
26/02/2017 12:00,22.2,64,123,1,0
27/02/2017 12:00,24.5,56,99,0.7,0
28/02/2017 12:00,24.2,55,99,0.4,0
1/03/2017 12:00,22.4,68,150,0.8,1.3
2/03/2017 12:00,22.6,65,130,3,0
3/03/2017 12:00,19.6,64,143,3.4,0
4/03/2017 12:00,19.3,71,130,3.2,0
5/03/2017 12:00,19.1,68,150,2.2,0
6/03/2017 12:00,18.7,63,132,1.2,0
7/03/2017 12:00,19.5,76,144,1.3,0
8/03/2017 12:00,12,93,250,2.7,43.7
9/03/2017 12:00,18.5,67,205,2.1,6.2
10/03/2017 12:00,21.6,69,159,1.6,0
11/03/2017 12:00,19.3,93,165,4.1,47.8
12/03/2017 12:00,21,87,218,1.3,2.8
13/03/2017 12:00,19.5,64,277,4.7,10.6
14/03/2017 12:00,17.9,58,204,4.2,0
15/03/2017 12:00,18.9,51,170,2.9,0
16/03/2017 12:00,20.4,56,74,1.1,0
17/03/2017 12:00,22.1,58,83,0.7,0
18/03/2017 12:00,18.4,68,91,2.6,0
19/03/2017 12:00,20.1,53,48,0.9,0
20/03/2017 12:00,17.9,79,91,4.1,0
21/03/2017 12:00,22.3,57,73,0.9,0
22/03/2017 12:00,18.8,86,104,3.4,0
23/03/2017 12:00,22,69,88,3.3,0.8
24/03/2017 12:00,17.2,77,78,4.1,0
25/03/2017 12:00,22.9,62,115,1.3,0.8
26/03/2017 12:00,20.1,78,115,2.5,3.9
27/03/2017 12:00,20.1,81,129,4.1,20
28/03/2017 12:00,22.5,69,115,1.9,3.1
29/03/2017 12:00,17.3,91,159,2.3,5.8
30/03/2017 12:00,20.2,79,205,2.7,25.4
31/03/2017 12:00,18.6,74,220,0.4,0
1/04/2017 12:00,20.9,65,194,0.4,0.3
2/04/2017 12:00,21.7,75,171,1.4,0
3/04/2017 12:00,24.1,69,179,0.8,1.5
4/04/2017 12:00,13.9,93,142,1.9,15.8
5/04/2017 12:00,20,94,177,1.6,72.4
6/04/2017 12:00,17.4,70,172,4.7,19.4
7/04/2017 12:00,16.8,63,126,2.7,0.8
8/04/2017 12:00,17.7,53,146,0.6,0
9/04/2017 12:00,16.4,60,132,0.4,0
10/04/2017 12:00,20.8,59,83,0.7,0
11/04/2017 12:00,19.3,77,70,0.7,0
12/04/2017 12:00,18.8,88,54,0.7,1.1
13/04/2017 12:00,16.1,91,178,0.8,55.8
14/04/2017 12:00,16.9,83,138,2.2,47.9
15/04/2017 12:00,18.1,78,176,5.2,2.4
16/04/2017 12:00,17.9,72,227,4.3,3.7
17/04/2017 12:00,13.7,90,151,1,8.3
18/04/2017 12:00,17.3,64,191,0.6,0
19/04/2017 12:00,17.9,66,136,0.5,0
20/04/2017 12:00,16.7,58,98,0.4,0
21/04/2017 12:00,15.9,54,63,0.4,0
22/04/2017 12:00,16.8,61,83,0.4,0
23/04/2017 12:00,17.2,60,82,0.4,0
24/04/2017 12:00,19.2,54,84,0.4,0
25/04/2017 12:00,17.9,55,64,0.9,0
26/04/2017 12:00,19.5,59,81,0.7,0
27/04/2017 12:00,18.6,65,98,0.4,0
28/04/2017 12:00,19.1,68,103,1.3,0.3
29/04/2017 12:00,15.2,96,205,2.9,1.3
30/04/2017 12:00,16.6,89,218,4,31.8
1/05/2017 12:00,12.6,60,239,2.4,0.9
2/05/2017 12:00,14,50,196,0.4,0
3/05/2017 12:00,12.9,81,195,2.8,0.9
4/05/2017 12:00,12.7,59,192,4.6,3.9
5/05/2017 12:00,14.5,51,169,0.4,0
6/05/2017 12:00,16.5,57,137,0.4,0
7/05/2017 12:00,13,70,164,0.5,0.3
8/05/2017 12:00,13.4,67,110,0.4,0
9/05/2017 12:00,14.8,82,150,0.5,0
10/05/2017 12:00,18.1,72,154,0.4,0
11/05/2017 12:00,14.5,95,158,3.1,6.2
12/05/2017 12:00,11.7,93,233,3.4,84.2
13/05/2017 12:00,12.8,55,174,4.4,19.6
14/05/2017 12:00,11,63,196,0.4,0
15/05/2017 12:00,12.9,74,74,0.4,0
16/05/2017 12:00,11.1,93,355,0.4,0
17/05/2017 12:00,15.8,83,267,5.2,2.1
18/05/2017 12:00,15,94,344,5.8,19.5
19/05/2017 12:00,11.9,60,84,4.1,0
20/05/2017 12:00,9.4,87,92,5.6,3.2
21/05/2017 12:00,8.2,62,74,2,1.2
22/05/2017 12:00,10.8,45,348,0.6,0
23/05/2017 12:00,8.9,83,218,1.5,0
24/05/2017 12:00,11.2,99,5,3.2,9.1
25/05/2017 12:00,13.8,73,102,1,7.5
26/05/2017 12:00,14.2,78,132,1.1,0
27/05/2017 12:00,14,95,24,0.9,15.7
28/05/2017 12:00,13.8,89,32,1.2,18.5
29/05/2017 12:00,15.3,73,26,0.9,0
30/05/2017 12:00,11.3,80,97,1.9,0
31/05/2017 12:00,15.4,72,341,0.5,0.9
1/06/2017 12:00,13.5,66,45,1.7,0.3
2/06/2017 12:00,12.7,70,101,2.7,0
3/06/2017 12:00,14.1,61,69,1.4,0
4/06/2017 12:00,11.9,62,247,0.7,0
5/06/2017 12:00,10.8,91,218,0.4,0.6
6/06/2017 12:00,13.7,66,227,0.5,10.5
7/06/2017 12:00,10.7,75,200,4,0
8/06/2017 12:00,10.9,61,192,1.9,0.3
9/06/2017 12:00,10.3,66,168,0.5,0
10/06/2017 12:00,12.6,72,72,3.6,0
11/06/2017 12:00,11.6,57,352,2.6,0.3
12/06/2017 12:00,10,98,239,3.7,0
13/06/2017 12:00,12.3,88,59,5.8,1.2
14/06/2017 12:00,9.2,62,NA,6.5075,26.3
15/06/2017 12:00,8.7,78,37,2.8,0.3
16/06/2017 12:00,12.8,84,17,1,0
17/06/2017 12:00,13.5,82,66,0.9,0.3
18/06/2017 12:00,13.1,90,319,1.6,2.5
19/06/2017 12:00,12.7,88,121,1.1,0.3
20/06/2017 12:00,12.2,77,78,2.4,0
21/06/2017 12:00,12.3,74,55,3.6,0.3
22/06/2017 12:00,12.3,98,285,1.6,3.6
23/06/2017 12:00,14.1,99,53,2.3,2.9
24/06/2017 12:00,12.3,92,349,3,10.2
25/06/2017 12:00,10.5,93,226,2.9,0
26/06/2017 12:00,10.4,83,241,1.8,0.6
27/06/2017 12:00,11.2,76,189,1.5,0.3
28/06/2017 12:00,11.6,76,182,1.4,0
29/06/2017 12:00,10.9,80,168,1.8,0
30/06/2017 12:00,7.3,99,150,1.2,0.3
1/07/2017 12:00,11.8,95,123,3.1,0.3
2/07/2017 12:00,13.1,88,245,2.7,37.9
3/07/2017 12:00,11.7,95,274,3.2,5.5
4/07/2017 12:00,7.9,100,175,2.6,0.6
5/07/2017 12:00,11.3,80,282,1.3,0
6/07/2017 12:00,9.4,98,155,2.3,3.2
7/07/2017 12:00,9.8,89,194,3.2,6.2
8/07/2017 12:00,10.4,79,247,3.4,0.3
9/07/2017 12:00,9.4,100,134,2.4,13.6
10/07/2017 12:00,11.3,77,233,2.3,0
11/07/2017 12:00,9.9,97,266,2.6,0.3
12/07/2017 12:00,8.6,85,270,3.6,2.9
13/07/2017 12:00,2.8,97,208,3,6.5
14/07/2017 12:00,7.5,84,260,3.5,5.2
15/07/2017 12:00,9.8,73,235,1.2,0
16/07/2017 12:00,10.7,81,236,2.9,0
17/07/2017 12:00,10.3,89,263,4.9,0
18/07/2017 12:00,11.1,97,236,4.4,4.9
19/07/2017 12:00,12.5,98,275,0.7,0.3
20/07/2017 12:00,12.9,92,255,1.6,1.7
21/07/2017 12:00,8.6,96,266,5.6,27
22/07/2017 12:00,10.6,100,165,3.7,32.3
23/07/2017 12:00,7.2,100,223,2.8,1.5
24/07/2017 12:00,9.4,93,247,4,0.6
25/07/2017 12:00,12.7,87,232,3,0.3
26/07/2017 12:00,11.2,74,243,4,0
27/07/2017 12:00,10.4,92,254,6.1,1.9
28/07/2017 12:00,10.3,80,265,3.5,10.3
29/07/2017 12:00,6.8,63,261,3,0
30/07/2017 12:00,8.8,69,236,1.6,0
31/07/2017 12:00,6.4,85,208,2.1,0
1/08/2017 12:00,8.5,99,175,2,0
2/08/2017 12:00,11.8,90,143,1.2,2.4
3/08/2017 12:00,11.9,68,249,3.4,0
4/08/2017 12:00,10,63,173,4,0
5/08/2017 12:00,11,66,58,2.9,0
6/08/2017 12:00,12,75,354,4.4,0
7/08/2017 12:00,14.9,85,205,3.8,11
8/08/2017 12:00,12.6,100,165,3.8,4.2
9/08/2017 12:00,12.6,100,230,3.5,20.6
10/08/2017 12:00,11.9,93,224,4.1,24.2
11/08/2017 12:00,11,89,257,2.7,2.2
12/08/2017 12:00,12,100,73,4.1,2.7
13/08/2017 12:00,13.2,81,228,4.7,0.8
14/08/2017 12:00,10.4,98,224,5.8,3.4
15/08/2017 12:00,10.3,97,158,7,12.4
16/08/2017 12:00,9.9,100,112,2.7,7.5
17/08/2017 12:00,11.7,98,253,4.7,0.3
18/08/2017 12:00,13,80,138,1,10.5
19/08/2017 12:00,12.1,90,222,2.3,0
20/08/2017 12:00,11.3,92,202,4.6,5.1
21/08/2017 12:00,12.8,70,230,1.4,4.2
22/08/2017 12:00,12.2,55,229,1.9,0
23/08/2017 12:00,12.8,60,140,2.2,0
24/08/2017 12:00,12.9,61,61,2.5,0
25/08/2017 12:00,11.5,83,52,2,0
26/08/2017 12:00,12.8,88,93,0.8,0.3
27/08/2017 12:00,12.9,83,82,4,0.9
28/08/2017 12:00,14.1,98,217,3.5,10.8
29/08/2017 12:00,15.6,84,154,3.7,34.3
30/08/2017 12:00,13.6,83,252,1.9,0.3
31/08/2017 12:00,13.8,81,224,2,10.7
1/09/2017 12:00,13.8,88,243,1.2,0.6
2/09/2017 12:00,9.6,95,251,3.4,12.7
3/09/2017 12:00,13.1,69,199,2.6,1.7
4/09/2017 12:00,13.3,62,180,2.4,0
5/09/2017 12:00,12.3,75,172,5.2,0
6/09/2017 12:00,13,98,215,5.9,8.7
7/09/2017 12:00,13.2,75,211,6.8,22.9
8/09/2017 12:00,12.5,78,203,5.5,6.5
9/09/2017 12:00,10.1,97,279,7.2,31.3
10/09/2017 12:00,8.3,90,72,4,9.9
11/09/2017 12:00,10,80,155,3.3,4.1
12/09/2017 12:00,10.1,83,246,5.6,1.1
13/09/2017 12:00,12.9,79,216,4.1,0.3
14/09/2017 12:00,15.7,79,210,5,6.8
15/09/2017 12:00,17.9,71,214,5.7,0
16/09/2017 12:00,14.1,83,234,6.1,9.2
17/09/2017 12:00,12,93,208,5.3,1.8
18/09/2017 12:00,7.3,94,15,4.2,23
19/09/2017 12:00,12.3,65,219,4.8,0.9
20/09/2017 12:00,15.3,70,209,2.6,0.6
21/09/2017 12:00,10.3,96,184,2.7,3
22/09/2017 12:00,13.7,69,39,2.6,5.4
23/09/2017 12:00,16.5,61,184,2.4,0
24/09/2017 12:00,14.8,85,182,3.3,0
25/09/2017 12:00,13.6,88,150,4.6,0
26/09/2017 12:00,13.7,100,145,6.6,5.1
27/09/2017 12:00,15.9,67,308,2,29.8
28/09/2017 12:00,15.1,66,208,2.8,0
29/09/2017 12:00,13.2,84,212,3.8,0
30/09/2017 12:00,15.4,80,188,4,0.5
1/10/2017 12:00,9.9,95,106,2,3.7
2/10/2017 12:00,13.7,83,189,7.3,5.8
3/10/2017 12:00,14.8,75,161,5.1,0.3
4/10/2017 12:00,15.3,62,100,4,0
5/10/2017 12:00,17.1,70,326,3.4,0
6/10/2017 12:00,12.4,97,237,3,21.4
7/10/2017 12:00,13.8,86,241,1.8,1.8
8/10/2017 12:00,13.2,91,161,3.7,14.9
9/10/2017 12:00,13.4,96,204,1.9,8.3
10/10/2017 12:00,17.6,71,225,3.9,6
11/10/2017 12:00,12.6,80,233,5.4,9.7
12/10/2017 12:00,15,60,210,3.6,2.8
13/10/2017 12:00,13,80,133,3.8,0
14/10/2017 12:00,17.9,71,236,4,2.3
15/10/2017 12:00,13.4,58,228,6.4,1.3
16/10/2017 12:00,14.9,73,211,4.9,0
17/10/2017 12:00,15.2,60,358,5.7,0
18/10/2017 12:00,15.5,61,197,1.8,0
19/10/2017 12:00,16.4,33,304,2.8,0
20/10/2017 12:00,19.2,50,252,1.4,0
21/10/2017 12:00,16.4,63,276,5.4,0
22/10/2017 12:00,14.1,99,70,6.4,4
23/10/2017 12:00,10.1,98,232,0.4,7.6
24/10/2017 12:00,15.6,68,275,4.2,3.7
25/10/2017 12:00,14.5,72,245,4.3,0
26/10/2017 12:00,17,64,248,4.8,2.5
27/10/2017 12:00,15.9,82,208,2.2,4.1
28/10/2017 12:00,14,89,308,1.4,2.4
29/10/2017 12:00,16.5,84,296,2.6,6.9
30/10/2017 12:00,19.5,62,225,3.2,0.3
31/10/2017 12:00,16.3,77,165,2.4,0
1/11/2017 12:00,16.1,66,280,3,0
2/11/2017 12:00,17.4,65,256,2.6,0
3/11/2017 12:00,14.7,94,151,3.5,1.9
4/11/2017 12:00,16.5,100,63,4.2,45.8
5/11/2017 12:00,15.3,93,128,2.3,2.1
6/11/2017 12:00,14.5,52,248,0.8,0.3
7/11/2017 12:00,18.1,51,243,1.2,0
8/11/2017 12:00,15.1,71,244,2.3,14.8
9/11/2017 12:00,16.6,59,236,0.5,0
10/11/2017 12:00,20.9,49,204,0.4,0
11/11/2017 12:00,16.7,50,206,2.6,0
12/11/2017 12:00,14.9,52,147,0.4,0
13/11/2017 12:00,17.9,54,150,0.4,0
14/11/2017 12:00,16.5,62,154,0.4,0
15/11/2017 12:00,17.1,63,180,0.4,0.3
16/11/2017 12:00,17.6,66,302,0.4,3.5
17/11/2017 12:00,19.7,49,187,0.4,2.8
18/11/2017 12:00,17.2,55,129,2.1,0
19/11/2017 12:00,13.5,73,180,4.3,1.3
20/11/2017 12:00,20.3,55,121,0.9,0
21/11/2017 12:00,22.9,58,119,1.1,0
22/11/2017 12:00,19.6,50,110,0.4,0
23/11/2017 12:00,23.3,61,139,0.8,0
24/11/2017 12:00,23.6,65,146,1,0
25/11/2017 12:00,18.3,85,198,0.4,0
26/11/2017 12:00,19.1,73,187,0.4,0
27/11/2017 12:00,18.9,73,159,0.4,0
28/11/2017 12:00,21.5,69,148,0.8,1.1
29/11/2017 12:00,20,71,141,1.8,0.6
30/11/2017 12:00,22.2,62,264,1.3,8.7
1/12/2017 12:00,23.2,59,275,1.3,20.4
2/12/2017 12:00,24.5,51,172,1.6,0
3/12/2017 12:00,21.9,66,150,3.2,0
4/12/2017 12:00,26.2,58,138,3,0
5/12/2017 12:00,24.2,63,145,3,0
6/12/2017 12:00,29,37,127,1.9,0
7/12/2017 12:00,24.4,61,129,2.7,0
8/12/2017 12:00,19.8,82,160,1.6,0
9/12/2017 12:00,24,57,122,4.1,0.3
10/12/2017 12:00,23.6,61,149,2.4,0
11/12/2017 12:00,23.5,65,155,3.8,2.8
12/12/2017 12:00,22.4,56,193,3.5,2.4
13/12/2017 12:00,21.4,52,145,5.6,0
14/12/2017 12:00,21.9,50,145,3.8,0.6
15/12/2017 12:00,21.8,54,128,2.9,0
16/12/2017 12:00,24,58,146,3.6,0
17/12/2017 12:00,24.7,54,135,2.1,0
18/12/2017 12:00,19.2,92,187,1.6,0.5
19/12/2017 12:00,21,65,183,5.5,14.3
20/12/2017 12:00,20.3,45,147,6.1,0.8
21/12/2017 12:00,22.6,47,114,4,0
22/12/2017 12:00,26.3,59,131,3,0
23/12/2017 12:00,18.2,84,340,1.5,16.5
24/12/2017 12:00,16,93,289,1.4,0
25/12/2017 12:00,23.4,59,164,2.6,1
26/12/2017 12:00,19.5,72,300,3.1,4.4
27/12/2017 12:00,19.5,46,314,3.5,0
28/12/2017 12:00,15.7,48,118,4.8,0
29/12/2017 12:00,23,50,119,3.8,0
30/12/2017 12:00,22.4,50,110,2.6,0
31/12/2017 12:00,23,50,123,4.5,0
1/01/2018 12:00,16.2,98,9,2.7,3.3
2/01/2018 12:00,22.2,74,55,1.9,3.7
3/01/2018 12:00,19.9,95,53,1.3,6.4
4/01/2018 12:00,20.7,89,292,2.5,0.3
5/01/2018 12:00,18.4,96,292,4.8,35.6
6/01/2018 12:00,20.4,75,352,2,20.6
7/01/2018 12:00,18.9,90,229,1.8,6
8/01/2018 12:00,24.8,54,204,2.8,0
9/01/2018 12:00,24.5,68,332,4.5,0
10/01/2018 12:00,24.6,75,138,4.1,0
11/01/2018 12:00,26.1,58,114,3.4,0
12/01/2018 12:00,25.8,63,115,3.1,0
13/01/2018 12:00,20.8,76,137,2.3,1.3
14/01/2018 12:00,23.4,70,110,1.7,0
15/01/2018 12:00,21.1,79,123,1.7,0
16/01/2018 12:00,20.7,76,110,2.7,0
17/01/2018 12:00,20.2,70,92,3.6,0
18/01/2018 12:00,20.1,78,107,3.8,1.3
19/01/2018 12:00,21.6,82,275,2.4,6
20/01/2018 12:00,24.1,72,115,3.9,0.8
21/01/2018 12:00,28.1,61,119,3.2,0
22/01/2018 12:00,21.1,85,180,4.2,2
23/01/2018 12:00,21.4,90,251,2.2,3.6
24/01/2018 12:00,26.1,65,147,3.5,11.7
25/01/2018 12:00,22.9,79,176,2.3,0
26/01/2018 12:00,27.5,62,129,1.5,0
27/01/2018 12:00,27.2,54,137,1.7,1.8
28/01/2018 12:00,30,48,122,2.2,0
29/01/2018 12:00,27.7,52,131,1.9,2.3
30/01/2018 12:00,25.3,66,118,1.8,0
31/01/2018 12:00,23,63,101,3.1,0
1/02/2018 12:00,20.5,82,104,4.4,0
2/02/2018 12:00,18.3,76,43,3.4,51.9
3/02/2018 12:00,17.5,67,260,3.3,0
4/02/2018 12:00,22.3,50,154,2.3,0
5/02/2018 12:00,23.6,65,130,3.9,0
6/02/2018 12:00,20.6,70,130,4.2,1.6
7/02/2018 12:00,20.2,68,110,1,0
8/02/2018 12:00,20.8,54,106,2.2,1.8
9/02/2018 12:00,17.1,93,267,1.5,4.4
10/02/2018 12:00,20.8,99,145,0.4,15.8
11/02/2018 12:00,22.5,98,98,2.5,2.2
12/02/2018 12:00,25.9,77,157,3.6,26.8
13/02/2018 12:00,20.8,100,31,5.8,24.5
14/02/2018 12:00,22.5,87,18,2.4,23
15/02/2018 12:00,23.9,65,23,3.3,11.4
16/02/2018 12:00,25.3,66,25,3.4,10.3
17/02/2018 12:00,25.1,70,303,3.8,4.3
18/02/2018 12:00,26.1,67,335,2.6,0
19/02/2018 12:00,24.1,82,292,2.6,0
20/02/2018 12:00,20,99,287,6.5,12.2
21/02/2018 12:00,19.7,82,312,4.3,16.6
22/02/2018 12:00,16,92,262,3.2,1.7
23/02/2018 12:00,20.9,63,234,2.2,0.3
24/02/2018 12:00,20.5,66,252,1.9,0
25/02/2018 12:00,23,57,26,3.8,0
26/02/2018 12:00,19.9,71,28,3.4,0
27/02/2018 12:00,15.8,86,169,2,3
28/02/2018 12:00,18.7,80,205,2.3,2.9
1/03/2018 12:00,19.7,79,142,2.2,0
2/03/2018 12:00,20.8,76,55,1.6,0
3/03/2018 12:00,20.9,65,282,1.9,0
4/03/2018 12:00,23,65,244,4,0
5/03/2018 12:00,25,63,274,1.4,0
6/03/2018 12:00,23.3,72,35,2.3,0
7/03/2018 12:00,22.7,83,120,1.7,3.9
8/03/2018 12:00,24.2,58,25,2.5,2.1
9/03/2018 12:00,22.1,62,26,2.2,1.7
10/03/2018 12:00,19.3,55,180,2.3,0
11/03/2018 12:00,19.3,61,155,2.5,0
12/03/2018 12:00,19.4,66,180,1.8,0
13/03/2018 12:00,18.8,77,291,7.2,9.2
14/03/2018 12:00,18,60,275,4.9,3.4
15/03/2018 12:00,18.4,77,254,3.3,0
16/03/2018 12:00,19,82,245,4.7,1
17/03/2018 12:00,19.9,64,196,2.7,0
18/03/2018 12:00,19.9,59,324,2.6,0
19/03/2018 12:00,22.6,56,248,1.7,0
20/03/2018 12:00,20.9,63,258,1.6,0
21/03/2018 12:00,21.3,62,248,1.1,0.3
22/03/2018 12:00,18.8,78,168,1.1,1
23/03/2018 12:00,18.9,72,219,2.6,0.6
24/03/2018 12:00,19.1,76,163,3.1,0
25/03/2018 12:00,21.5,72,184,2.5,7.8
26/03/2018 12:00,23.1,67,211,3.2,0
27/03/2018 12:00,22.1,68,243,3.4,0
28/03/2018 12:00,18.2,86,206,2.3,0
29/03/2018 12:00,21.9,81,220,3.3,0
30/03/2018 12:00,21.8,66,222,3.7,0.9
31/03/2018 12:00,20,71,217,4.5,0
1/04/2018 12:00,21.3,56,260,1.7,1.9
2/04/2018 12:00,16.5,65,246,2.7,0
3/04/2018 12:00,18.8,76,191,3.5,0
4/04/2018 12:00,21.8,81,242,4.3,1.9
5/04/2018 12:00,20.1,61,270,1.7,3.6
6/04/2018 12:00,18.8,74,224,3.2,0
7/04/2018 12:00,17.9,78,211,2.6,0
8/04/2018 12:00,18.2,71,111,4.4,0
9/04/2018 12:00,15.9,90,241,3.1,0
10/04/2018 12:00,16.1,98,229,6.7,10.3
11/04/2018 12:00,7.4,89,323,2.2,23.3
12/04/2018 12:00,12,60,60,4.9,0
13/04/2018 12:00,13.5,69,320,5.3,3.4
14/04/2018 12:00,13.3,94,301,1.7,5.3
15/04/2018 12:00,17.7,76,292,1.6,0.6
16/04/2018 12:00,18.2,99,115,5.8,18
17/04/2018 12:00,16.8,97,165,3.5,1.6
18/04/2018 12:00,13.5,76,204,7.3,4.7
19/04/2018 12:00,14.3,73,213,3.8,0
20/04/2018 12:00,15.5,78,228,4,0.3
21/04/2018 12:00,15.9,87,231,4,0.9
22/04/2018 12:00,14.2,65,235,5,1.4
23/04/2018 12:00,12.7,79,192,1.7,0
24/04/2018 12:00,16.2,72,162,5.2,0.3
25/04/2018 12:00,14.2,74,134,2,0
26/04/2018 12:00,16.6,76,154,2.4,0
27/04/2018 12:00,15.8,70,172,3.8,0
28/04/2018 12:00,15.7,90,178,2.4,1.4
29/04/2018 12:00,15.4,100,303,2.1,39.1
30/04/2018 12:00,18.1,87,19,0.4,19.8
1/05/2018 12:00,20.2,72,196,2,1.3
2/05/2018 12:00,16.8,63,235,4.3,0
3/05/2018 12:00,16.1,57,230,1.4,0
4/05/2018 12:00,15.8,72,193,1.7,0
5/05/2018 12:00,13.7,85,150,2.6,0
6/05/2018 12:00,13.4,100,18,2.8,3.1
7/05/2018 12:00,14,70,290,3.7,1.1
8/05/2018 12:00,14.9,75,252,2.3,0
9/05/2018 12:00,16.9,74,257,4.1,0.3
10/05/2018 12:00,18.1,69,260,2.2,0
11/05/2018 12:00,15.6,86,248,3.4,0
12/05/2018 12:00,14.9,100,301,3.4,24.1
13/05/2018 12:00,16.3,100,256,1.9,15.8
14/05/2018 12:00,17.9,85,113,1.4,0.9
15/05/2018 12:00,16.6,86,268,2.8,4.7
16/05/2018 12:00,15.9,96,255,5.1,13.3
17/05/2018 12:00,11.2,94,252,3.4,8.8
18/05/2018 12:00,13.1,94,252,4,1.1
19/05/2018 12:00,11.2,100,276,4.4,3.7
20/05/2018 12:00,13.5,84,83,4.3,10
21/05/2018 12:00,12.6,95,116,3.6,5.4
22/05/2018 12:00,12.9,98,261,4.9,0.3
23/05/2018 12:00,8.7,100,17,3.4,26.9
24/05/2018 12:00,9.3,93,34,4,3
25/05/2018 12:00,9.2,100,78,3.7,19.8
26/05/2018 12:00,9.6,75,184,4.7,6.6
27/05/2018 12:00,9.8,97,188,4.3,2.7
28/05/2018 12:00,8.3,63,220,5.2,0.6
29/05/2018 12:00,10,72,178,2.2,0
30/05/2018 12:00,10.7,68,162,0.8,0
31/05/2018 12:00,10.2,75,188,1.7,0
1/06/2018 12:00,11.4,80,166,2.3,0.3
2/06/2018 12:00,11.9,75,159,2.3,0
3/06/2018 12:00,10.5,90,113,3.2,2.3
4/06/2018 12:00,13.7,93,159,2,26.4
5/06/2018 12:00,11.9,98,334,4.2,38.2
6/06/2018 12:00,10.3,76,143,1.2,0
7/06/2018 12:00,8.8,65,199,4,6
8/06/2018 12:00,11.9,70,170,2.2,0
9/06/2018 12:00,12.1,79,114,2.6,0
10/06/2018 12:00,9.6,100,357,0.6,0
11/06/2018 12:00,10.5,83,131,2.2,0
12/06/2018 12:00,12.9,96,28,4.5,6
13/06/2018 12:00,11.4,100,214,4.6,34.7
14/06/2018 12:00,12.8,84,343,3.7,2
15/06/2018 12:00,11.8,96,171,1.9,0
16/06/2018 12:00,12.4,100,219,3.5,0.3
17/06/2018 12:00,14,82,224,4.3,8.4
18/06/2018 12:00,11,100,128,2.1,3.4
19/06/2018 12:00,11.5,100,221,0.5,9.8
20/06/2018 12:00,11,72,230,3.6,0
21/06/2018 12:00,11.4,67,138,3.6,0
22/06/2018 12:00,10.3,68,297,0.7,0
23/06/2018 12:00,6.6,91,2,2.6,0
24/06/2018 12:00,8.7,100,27,3.6,0.8
25/06/2018 12:00,10,96,42,5,25.8
26/06/2018 12:00,6.2,100,68,3.4,11.2
27/06/2018 12:00,7.3,83,255,1.8,3.6
28/06/2018 12:00,8.6,76,244,1.5,0.3
29/06/2018 12:00,9.7,70,255,2.6,0.3
30/06/2018 12:00,9,78,253,1.2,0
1/07/2018 12:00,8.6,87,215,2.8,0
2/07/2018 12:00,11.8,77,217,4.6,13.5
3/07/2018 12:00,9.1,75,211,2.2,0
4/07/2018 12:00,9.3,77,178,3.1,0
5/07/2018 12:00,10.8,63,176,1.5,0.3
6/07/2018 12:00,11.7,68,186,0.8,0
7/07/2018 12:00,7.6,100,316,2.5,0
8/07/2018 12:00,12.6,92,151,7.1,2.5
9/07/2018 12:00,10.9,96,265,6.2,20.8
10/07/2018 12:00,6.5,100,229,3.1,16.9
11/07/2018 12:00,8.3,100,47,3.2,0.6
12/07/2018 12:00,10.6,93,215,3.2,0.6
13/07/2018 12:00,10.4,94,220,0.4,1.1
14/07/2018 12:00,11.8,85,256,2.4,4.3
15/07/2018 12:00,10.7,86,234,2.6,0.3
16/07/2018 12:00,12.3,92,262,3.8,10.3
17/07/2018 12:00,11.4,84,167,3.8,1.4
18/07/2018 12:00,12.2,89,234,2.4,0
19/07/2018 12:00,9.7,100,277,3.7,5.1
20/07/2018 12:00,9.1,100,318,2.1,2.9
21/07/2018 12:00,10.7,75,188,4.5,0.3
22/07/2018 12:00,9.8,100,189,4.7,18.9
23/07/2018 12:00,8.8,99,259,4.3,2.6
24/07/2018 12:00,9.5,83,170,1.8,0
25/07/2018 12:00,9.1,90,244,3.9,0.3
26/07/2018 12:00,12.4,89,237,4.8,1.2
27/07/2018 12:00,11.5,86,260,3.5,0.3
28/07/2018 12:00,11.5,82,231,5.1,1.2
29/07/2018 12:00,12.3,88,137,4.6,0.3
30/07/2018 12:00,10,71,172,1.9,1.6
31/07/2018 12:00,8.5,91,345,1,0
1/08/2018 12:00,11.8,95,312,3.1,0.3
2/08/2018 12:00,13.8,77,3,2.7,0
3/08/2018 12:00,9.2,100,172,0.4,4.9
4/08/2018 12:00,8.5,99,259,1.8,0.3
5/08/2018 12:00,11.8,94,134,4.6,5.2
6/08/2018 12:00,12.5,84,27,1.2,8.8
7/08/2018 12:00,15.1,63,210,1.8,0
8/08/2018 12:00,12.9,90,175,4.4,0
9/08/2018 12:00,12.2,85,177,4.2,5.4
10/08/2018 12:00,12.5,73,152,3.7,0
11/08/2018 12:00,13.7,68,267,2.7,0
12/08/2018 12:00,14,66,218,1.6,0
13/08/2018 12:00,12.3,68,222,2.2,0
14/08/2018 12:00,9.9,99,48,4.1,8.7
15/08/2018 12:00,11.6,79,178,5.8,9.1
16/08/2018 12:00,12.2,79,172,4.3,0
17/08/2018 12:00,11.5,94,160,5.9,3.1
18/08/2018 12:00,9.3,82,241,3.5,5.2
19/08/2018 12:00,9.9,78,248,1.7,0
20/08/2018 12:00,11.8,90,186,2.6,0
21/08/2018 12:00,9.6,99,40,3.7,29.3
22/08/2018 12:00,9.5,86,139,5.2,23.4
23/08/2018 12:00,11.3,88,187,6.1,17.4
24/08/2018 12:00,9.9,74,251,3.8,0
25/08/2018 12:00,11.4,73,224,3.5,1
26/08/2018 12:00,13.5,75,174,2.7,0.6
27/08/2018 12:00,9.2,90,124,1.6,0
28/08/2018 12:00,13.9,69,31,3.5,0
29/08/2018 12:00,10.6,96,122,2.2,8.9
30/08/2018 12:00,12.7,88,102,2.6,0.3
31/08/2018 12:00,12.7,86,28,3.9,8.2
1/09/2018 12:00,12.7,86,66,3.9,0.3
2/09/2018 12:00,11,100,297,5.4,8.4
3/09/2018 12:00,11.4,82,93,4.1,12.1
4/09/2018 12:00,8.2,94,85,1.5,8.3
5/09/2018 12:00,11.8,82,155,4,4.8
6/09/2018 12:00,10.9,70,99,4.1,2.8
7/09/2018 12:00,12.6,66,254,5.9,0
8/09/2018 12:00,14.2,57,174,3.5,0
9/09/2018 12:00,10.7,58,124,5.2,0
10/09/2018 12:00,13.6,59,295,1.3,0
11/09/2018 12:00,13.6,63,193,2.3,0
12/09/2018 12:00,14.8,60,114,3,0
13/09/2018 12:00,13.2,77,270,3.6,0
14/09/2018 12:00,14.7,65,146,4.6,0
15/09/2018 12:00,18.3,55,272,3.7,0
16/09/2018 12:00,13.5,78,170,3.2,0
17/09/2018 12:00,17.5,71,125,5.5,1.1
18/09/2018 12:00,17.6,72,157,1.1,0
19/09/2018 12:00,15.9,73,144,3.1,1.7
20/09/2018 12:00,21.2,61,124,1.7,0
21/09/2018 12:00,15.5,70,121,3.3,0
22/09/2018 12:00,16,61,126,3,0.3
23/09/2018 12:00,16,57,99,2.9,0
24/09/2018 12:00,12.6,84,82,3.5,0
25/09/2018 12:00,8.3,86,343,5.4,13.8
26/09/2018 12:00,12,68,270,5.7,5.1
27/09/2018 12:00,13.6,68,191,1.4,0.3
28/09/2018 12:00,12.4,70,157,3.4,4.4
29/09/2018 12:00,11.9,70,168,3.6,0
30/09/2018 12:00,11,89,158,4.2,0
1/10/2018 12:00,14.8,72,134,4.1,0
2/10/2018 12:00,14.5,68,205,4.1,12.2
3/10/2018 12:00,16.2,66,298,2.9,0
4/10/2018 12:00,15.6,73,133,4.3,0
5/10/2018 12:00,15.9,65,173,2.9,0.6
6/10/2018 12:00,17.8,64,135,1.5,0
7/10/2018 12:00,14.2,78,98,3.1,0
8/10/2018 12:00,17.5,65,136,3,0
9/10/2018 12:00,13.1,68,148,3,0
10/10/2018 12:00,13.4,69,100,5.3,0.3
11/10/2018 12:00,15.5,70,98,4.2,0
12/10/2018 12:00,11.3,92,323,8.7,26.5
13/10/2018 12:00,10.4,53,277,5.1,3.9
14/10/2018 12:00,14.8,69,214,4.2,0
15/10/2018 12:00,16.5,52,247,3.3,0
16/10/2018 12:00,14.6,62,160,2.4,0
17/10/2018 12:00,13.7,66,106,5.7,0
18/10/2018 12:00,15.8,68,191,3.5,0
19/10/2018 12:00,18.8,22,NA,2.9484,0
20/10/2018 12:00,20,50,NA,3.564,NA
21/10/2018 12:00,18.6,57,NA,4.9248,NA
22/10/2018 12:00,19.2,68,NA,3.4992,NA
23/10/2018 12:00,19.7,68,NA,3.0132,NA
24/10/2018 12:00,17.3,69,NA,3.348,NA
25/10/2018 12:00,14.9,71,270,7.5,0.6
26/10/2018 12:00,17,67,295,5.3,2.1
27/10/2018 12:00,16.6,73,318,9.2,0
28/10/2018 12:00,14.9,87,315,8.2,15.1
29/10/2018 12:00,13.3,88,359,5.9,1.3
30/10/2018 12:00,13.2,85,286,4.2,7.9
31/10/2018 12:00,16.5,63,261,6.4,3.9
1/11/2018 12:00,11.1,85,257,10.4,8.5
2/11/2018 12:00,16.2,42,177,8,2.5
3/11/2018 12:00,10.4,98,330,5.9,0.8
4/11/2018 12:00,14.9,62,248,10.7,9
5/11/2018 12:00,15.3,65,223,8.7,0
6/11/2018 12:00,18.7,67,298,6.6,0
7/11/2018 12:00,19.6,63,300,6.6,0
8/11/2018 12:00,17.5,98,303,7.9,3.7
9/11/2018 12:00,17.6,88,329,9.5,0.5
10/11/2018 12:00,17.8,61,293,5,11.1
11/11/2018 12:00,17.2,65,347,2.3,0
12/11/2018 12:00,17.4,71,353,4.7,0
13/11/2018 12:00,20,75,293,5.7,2.9
14/11/2018 12:00,20.4,56,340,4.2,2.6
15/11/2018 12:00,19.4,67,303,5.4,0
16/11/2018 12:00,19.6,65,325,6.7,0
17/11/2018 12:00,18.3,55,294,6.6,0
18/11/2018 12:00,18.6,65,284,7.2,0
19/11/2018 12:00,10.8,92,202,5.2,4.3
20/11/2018 12:00,13.8,58,325,5.3,0
21/11/2018 12:00,10.9,86,346,7.9,7.3
22/11/2018 12:00,15.4,65,232,5.7,5.7
23/11/2018 12:00,20.2,55,30,3.6,0
24/11/2018 12:00,14.5,91,19,5.7,11.6
25/11/2018 12:00,16,95,78,4.9,10.8
26/11/2018 12:00,19.1,78,318,6.4,10.8
27/11/2018 12:00,18.3,75,11,3.4,0.6
28/11/2018 12:00,19,73,148,5.4,5.9
29/11/2018 12:00,19.8,57,90,5.3,0.6
30/11/2018 12:00,15.3,92,64,3.8,1.9
1/12/2018 12:00,17.2,84,53,9.3,7.3
2/12/2018 12:00,20.8,77,20,8.4,23.1
3/12/2018 12:00,18.8,78,1,5.3,1.8
4/12/2018 12:00,17.1,99,334,7,25.7
5/12/2018 12:00,15.7,71,257,10.3,2.5
6/12/2018 12:00,14.9,78,261,7.4,4.6
7/12/2018 12:00,17.6,44,157,9.8,4
8/12/2018 12:00,21.1,69,332,5.9,0
9/12/2018 12:00,21.9,69,312,5.7,0
10/12/2018 12:00,22.9,67,307,5,0
11/12/2018 12:00,18.5,84,310,3.7,0
12/12/2018 12:00,20.6,76,309,4.5,0.5
13/12/2018 12:00,21.3,72,351,4.8,0.3
14/12/2018 12:00,22.6,64,292,4.6,17.9
15/12/2018 12:00,18,85,80,3.8,17.6
16/12/2018 12:00,23.4,62,32,4.3,0.5
17/12/2018 12:00,22.5,74,295,5.1,0
18/12/2018 12:00,24.1,64,303,8,0
19/12/2018 12:00,21.4,64,279,8.6,0
20/12/2018 12:00,15,96,322,2.4,36.7
21/12/2018 12:00,18.5,77,288,8.3,0
22/12/2018 12:00,20.1,65,272,6.5,0
23/12/2018 12:00,20.6,66,346,4.3,0
24/12/2018 12:00,18,93,89,4.1,23.1
25/12/2018 12:00,21.2,72,337,9.9,30.3
26/12/2018 12:00,22,78,287,6.7,0.8
27/12/2018 12:00,20.6,64,294,7,0
28/12/2018 12:00,23.6,51,116,5.9,0
29/12/2018 12:00,20.4,74,302,5.3,4.1
30/12/2018 12:00,21.2,66,282,5.4,0
31/12/2018 12:00,21.1,74,215,8.6,0
1/01/2019 12:00,22.6,76,300,3.9,0
2/01/2019 12:00,23,71,294,5.8,0
3/01/2019 12:00,21.5,80,268,6.9,0
4/01/2019 12:00,22,59,232,8.2,0
5/01/2019 12:00,22.9,70,320,7.4,0
6/01/2019 12:00,24.8,57,213,7.7,0
7/01/2019 12:00,25.2,62,304,7.5,0
8/01/2019 12:00,23.3,65,306,7.1,0
9/01/2019 12:00,25.7,59,310,7.7,0
10/01/2019 12:00,23.5,71,307,6.1,0
11/01/2019 12:00,24.8,64,279,8.1,0
12/01/2019 12:00,25.9,52,59,5.6,0
13/01/2019 12:00,22.3,67,358,5.2,7.8
14/01/2019 12:00,12.4,95,346,4.6,18.7
15/01/2019 12:00,15.5,92,176,5.2,10.3
16/01/2019 12:00,21.4,73,190,6.6,6.1
17/01/2019 12:00,24.8,73,294,6.3,0
18/01/2019 12:00,22.3,70,235,7.3,0
19/01/2019 12:00,22.9,76,306,7.4,0
20/01/2019 12:00,21.3,60,256,8.6,1.8
21/01/2019 12:00,21,61,250,12.5,0
22/01/2019 12:00,21.1,54,222,10,0
23/01/2019 12:00,23.3,61,204,9,0
24/01/2019 12:00,23.7,69,293,6,2.6
25/01/2019 12:00,22.5,58,297,5.2,0
26/01/2019 12:00,19,68,271,6.4,0
27/01/2019 12:00,20.2,80,217,7,0
28/01/2019 12:00,24.6,70,228,8.4,0
29/01/2019 12:00,30,55,74,2.8,0.3
30/01/2019 12:00,27.3,53,343,5.9,0
31/01/2019 12:00,27.1,66,318,4.6,0
1/02/2019 12:00,21.4,76,312,6.9,0
2/02/2019 12:00,24.4,64,99,4.9,0
3/02/2019 12:00,20.4,57,100,4.1,0
4/02/2019 12:00,24.4,62,276,6.6,0
5/02/2019 12:00,25.3,59,283,6,0
6/02/2019 12:00,25.7,50,116,3.7,0
7/02/2019 12:00,19.8,55,88,9.4,0
8/02/2019 12:00,21.7,43,40,6.7,0
9/02/2019 12:00,24.9,42,49,4.8,0
10/02/2019 12:00,24.6,44,88,6.9,0
11/02/2019 12:00,26.1,48,179,5.3,1.3
12/02/2019 12:00,22.6,73,289,6.4,0
13/02/2019 12:00,25.8,53,241,4.7,0
14/02/2019 12:00,27.9,52,316,5.7,0
15/02/2019 12:00,26,55,185,5.3,0
16/02/2019 12:00,24,43,182,8.5,0
17/02/2019 12:00,21.8,60,279,4.3,0
18/02/2019 12:00,23.4,53,282,9.1,0
19/02/2019 12:00,23.9,58,312,5.8,0
20/02/2019 12:00,25.1,52,311,5.9,0
21/02/2019 12:00,20.8,86,345,6.7,0
22/02/2019 12:00,21.8,75,334,7,0
23/02/2019 12:00,20.1,90,238,4.2,17.3
24/02/2019 12:00,18.3,62,258,7,1.9
25/02/2019 12:00,18.7,51,119,9.7,11.7
26/02/2019 12:00,20.3,41,44,2,0
27/02/2019 12:00,20.7,55,336,5.2,0
28/02/2019 12:00,19.8,49,143,8.3,0
1/03/2019 12:00,19.6,43,86,3.4,0
2/03/2019 12:00,21,43,132,6.4,0
3/03/2019 12:00,23.9,46,302,5.7,0
4/03/2019 12:00,24.5,41,226,4.4,1.3
5/03/2019 12:00,22.8,49,287,5.7,0
6/03/2019 12:00,22.3,53,285,3.5,0
7/03/2019 12:00,22.9,58,345,6.4,0
8/03/2019 12:00,22.6,70,349,9.1,0.3
9/03/2019 12:00,18.9,66,68,4.6,10.2
10/03/2019 12:00,19.1,72,180,5.9,0.5
11/03/2019 12:00,22.3,60,266,3.6,0
12/03/2019 12:00,20.2,66,262,5.9,0
13/03/2019 12:00,21.3,86,305,6.4,0
14/03/2019 12:00,24.1,73,285,4.2,0.8
15/03/2019 12:00,21.6,79,280,3.3,0
16/03/2019 12:00,23.6,63,293,4.1,0
17/03/2019 12:00,25,56,92,5.4,0
18/03/2019 12:00,22.7,75,320,5.6,1
19/03/2019 12:00,21.2,67,162,3.6,1.8
20/03/2019 12:00,20.8,65,147,3.4,0
21/03/2019 12:00,24,51,84,4.3,0
22/03/2019 12:00,21.7,65,212,2.4,0
23/03/2019 12:00,20.4,72,248,3.8,0
24/03/2019 12:00,23,58,314,5.1,0
25/03/2019 12:00,21.2,67,303,4.5,0
26/03/2019 12:00,21.6,58,344,8.8,0
27/03/2019 12:00,19.8,69,339,10.4,0
28/03/2019 12:00,16.6,96,90,5.9,11.3
29/03/2019 12:00,20.2,68,86,7.4,4.6
30/03/2019 12:00,21.1,67,87,4.9,0
31/03/2019 12:00,20.9,73,29,6.2,0
1/04/2019 12:00,18.1,97,347,8.8,2.8
2/04/2019 12:00,18,61,202,9,11.4
3/04/2019 12:00,15.7,65,107,5,1.3
4/04/2019 12:00,18.1,57,183,4.2,0
5/04/2019 12:00,15.6,75,98,2.9,0
6/04/2019 12:00,17.6,56,109,6,0
7/04/2019 12:00,15.6,67,192,3.6,0.3
8/04/2019 12:00,16.1,58,189,4,0
9/04/2019 12:00,17.3,64,221,6.2,1.1
